Voornaam,Achternaam,Gebruikersnaam,DisplayName,UserPrincipalName,Department,Title,Description,Wachtwoord,OU
Giuseppe,Farina,farin898,Giuseppe Farina,farin898@bedrijf.nl,Alfa Romeo,Formule 1 Wereldkampioen 1950,Formule 1 Coureur voor Alfa Romeo,WSA9Bh#M,"OU=AlfaRomeo,DC=example,DC=com"
Juan Manuel,Fangio,fangi755,Juan Manuel Fangio,fangi755@bedrijf.nl,Alfa Romeo,5-voudig Wereldkampioen,Formule 1 Coureur voor Alfa Romeo,hqf#SN7a,"OU=AlfaRomeo,DC=example,DC=com"
Alberto,Ascari,ascar939,Alberto Ascari,ascar939@bedrijf.nl,Ferrari,Tweevoudig Wereldkampioen,Formule 1 Coureur voor Ferrari,WCX$5Wqx,"OU=Ferrari,DC=example,DC=com"
Stirling,Moss,mossx146,Stirling Moss,mossx146@bedrijf.nl,Vanwall,Formule 1 Coureur,Formule 1 Coureur voor Vanwall,bH0L#wM%,"OU=Vanwall,DC=example,DC=com"
Mike,Hawthorn,hawth864,Mike Hawthorn,hawth864@bedrijf.nl,Ferrari,Formule 1 Wereldkampioen 1958,Formule 1 Coureur voor Ferrari,7#IMba%%,"OU=Ferrari,DC=example,DC=com"
Luigi,Fagioli,fagio318,Luigi Fagioli,fagio318@bedrijf.nl,Alfa Romeo,Formule 1 Coureur,Formule 1 Coureur voor Alfa Romeo,@tCzbN60,"OU=AlfaRomeo,DC=example,DC=com"
Jose Froilan,Gonzalez,gonza301,Jose Froilan Gonzalez,gonza301@bedrijf.nl,Ferrari,Formule 1 Coureur,Formule 1 Coureur voor Ferrari,X52@gJwX,"OU=Ferrari,DC=example,DC=com"
Maurice,Trintignant,trint310,Maurice Trintignant,trint310@bedrijf.nl,Cooper,Formule 1 Coureur,Formule 1 Coureur voor Cooper,@8e4DY&o,"OU=Cooper,DC=example,DC=com"
Jack,Brabham,brabh835,Jack Brabham,brabh835@bedrijf.nl,Brabham,3-voudig Wereldkampioen,Formule 1 Coureur voor Brabham,686Ho4$j,"OU=Brabham,DC=example,DC=com"
Jim,Clark,clark670,Jim Clark,clark670@bedrijf.nl,Lotus,Tweevoudig Wereldkampioen,Formule 1 Coureur voor Lotus,8fVD$ATR,"OU=Lotus,DC=example,DC=com"
Graham,Hill,hillx923,Graham Hill,hillx923@bedrijf.nl,BRM,Tweevoudig Wereldkampioen,Formule 1 Coureur voor BRM,F0!s3lTm,"OU=BRM,DC=example,DC=com"
John,Surtees,surte211,John Surtees,surte211@bedrijf.nl,Ferrari,Formule 1 Wereldkampioen 1964,Formule 1 Coureur voor Ferrari,n2nB$fEl,"OU=Ferrari,DC=example,DC=com"
Denny,Hulme,hulme488,Denny Hulme,hulme488@bedrijf.nl,Mc Laren,Formule 1 Wereldkampioen 1967,Formule 1 Coureur voor Mc Laren,K5#ZW6xM,"OU=McLaren,DC=example,DC=com"
Jackie,Stewart,stewa918,Jackie Stewart,stewa918@bedrijf.nl,Tyrrell,3-voudig Wereldkampioen,Formule 1 Coureur voor Tyrrell,0ZvS6!b!,"OU=Tyrrell,DC=example,DC=com"
Bruce,McLaren,mclar932,Bruce McLaren,mclar932@bedrijf.nl,Mc Laren,Oprichter & Coureur McLaren,Formule 1 Coureur voor Mc Laren,13g0oS#9,"OU=McLaren,DC=example,DC=com"
Dan,Gurney,gurne250,Dan Gurney,gurne250@bedrijf.nl,Eagle,Formule 1 Coureur,Formule 1 Coureur voor Eagle,oBsi$j4a,"OU=Eagle,DC=example,DC=com"
Jochen,Rindt,rindt568,Jochen Rindt,rindt568@bedrijf.nl,Lotus,Formule 1 Wereldkampioen 1970,Formule 1 Coureur voor Lotus,e@Qe1Asq,"OU=Lotus,DC=example,DC=com"
Emerson,Fittipaldi,fitti347,Emerson Fittipaldi,fitti347@bedrijf.nl,Lotus,Tweevoudig Wereldkampioen,Formule 1 Coureur voor Lotus,GKY#z6tr,"OU=Lotus,DC=example,DC=com"
Niki,Lauda,lauda935,Niki Lauda,lauda935@bedrijf.nl,Ferrari,3-voudig Wereldkampioen,Formule 1 Coureur voor Ferrari,#XmDGC3Y,"OU=Ferrari,DC=example,DC=com"
James,Hunt,huntx804,James Hunt,huntx804@bedrijf.nl,Mc Laren,Formule 1 Wereldkampioen 1976,Formule 1 Coureur voor Mc Laren,w&RBo5TM,"OU=McLaren,DC=example,DC=com"
Mario,Andretti,andre510,Mario Andretti,andre510@bedrijf.nl,Lotus,Formule 1 Wereldkampioen 1978,Formule 1 Coureur voor Lotus,&0lh&Pf7,"OU=Lotus,DC=example,DC=com"
Jody,Scheckter,schec969,Jody Scheckter,schec969@bedrijf.nl,Ferrari,Formule 1 Wereldkampioen 1979,Formule 1 Coureur voor Ferrari,z1$YwcS6,"OU=Ferrari,DC=example,DC=com"
Ronnie,Peterson,peter892,Ronnie Peterson,peter892@bedrijf.nl,Lotus,Formule 1 Coureur,Formule 1 Coureur voor Lotus,2U#nKFil,"OU=Lotus,DC=example,DC=com"
Gilles,Villeneuve,ville743,Gilles Villeneuve,ville743@bedrijf.nl,Ferrari,Formule 1 Coureur,Formule 1 Coureur voor Ferrari,uw3i4q&J,"OU=Ferrari,DC=example,DC=com"
Clay,Regazzoni,regaz297,Clay Regazzoni,regaz297@bedrijf.nl,Williams,Formule 1 Coureur,Formule 1 Coureur voor Williams,xB5@bvZF,"OU=Williams,DC=example,DC=com"
Carlos,Reutemann,reute544,Carlos Reutemann,reute544@bedrijf.nl,Brabham,Formule 1 Coureur,Formule 1 Coureur voor Brabham,F1REv5r!,"OU=Brabham,DC=example,DC=com"
Alan,Jones,jones200,Alan Jones,jones200@bedrijf.nl,Williams,Formule 1 Wereldkampioen 1980,Formule 1 Coureur voor Williams,Gv&Fn3nD,"OU=Williams,DC=example,DC=com"
Nelson,Piquet,pique775,Nelson Piquet,pique775@bedrijf.nl,Brabham,3-voudig Wereldkampioen,Formule 1 Coureur voor Brabham,U#p37YWn,"OU=Brabham,DC=example,DC=com"
Keke,Rosberg,rosbe849,Keke Rosberg,rosbe849@bedrijf.nl,Williams,Formule 1 Wereldkampioen 1982,Formule 1 Coureur voor Williams,vo#Op61w,"OU=Williams,DC=example,DC=com"
Alain,Prost,prost915,Alain Prost,prost915@bedrijf.nl,Mc Laren,4-voudig Wereldkampioen,Formule 1 Coureur voor Mc Laren,%dxw7BMw,"OU=McLaren,DC=example,DC=com"
Ayrton,Senna,senna928,Ayrton Senna,senna928@bedrijf.nl,Mc Laren,3-voudig Wereldkampioen,Formule 1 Coureur voor Mc Laren,FRGka!7X,"OU=McLaren,DC=example,DC=com"
Nigel,Mansell,manse616,Nigel Mansell,manse616@bedrijf.nl,Williams,Formule 1 Wereldkampioen 1992,Formule 1 Coureur voor Williams,C%hy$b28,"OU=Williams,DC=example,DC=com"
Gerhard,Berger,berge853,Gerhard Berger,berge853@bedrijf.nl,Ferrari,Formule 1 Coureur,Formule 1 Coureur voor Ferrari,zgf9IkH@,"OU=Ferrari,DC=example,DC=com"
Riccardo,Patrese,patre343,Riccardo Patrese,patre343@bedrijf.nl,Williams,Formule 1 Coureur,Formule 1 Coureur voor Williams,$CALFbV5,"OU=Williams,DC=example,DC=com"
Elio,de Angelis,angel600,Elio de Angelis,angel600@bedrijf.nl,Lotus,Formule 1 Coureur,Formule 1 Coureur voor Lotus,AWa%GE3f,"OU=Lotus,DC=example,DC=com"
Michele,Alboreto,albor695,Michele Alboreto,albor695@bedrijf.nl,Ferrari,Formule 1 Coureur,Formule 1 Coureur voor Ferrari,L#91UYuL,"OU=Ferrari,DC=example,DC=com"
Stefan,Johansson,johan568,Stefan Johansson,johan568@bedrijf.nl,Ferrari,Formule 1 Coureur,Formule 1 Coureur voor Ferrari,JqK$uGs5,"OU=Ferrari,DC=example,DC=com"
Michael,Schumacher,schum493,Michael Schumacher,schum493@bedrijf.nl,Ferrari,7-voudig Wereldkampioen,Formule 1 Coureur voor Ferrari,xCFs8%TH,"OU=Ferrari,DC=example,DC=com"
Damon,Hill,hillx867,Damon Hill,hillx867@bedrijf.nl,Williams,Formule 1 Wereldkampioen 1996,Formule 1 Coureur voor Williams,dX@4#uN4,"OU=Williams,DC=example,DC=com"
Jacques,Villeneuve,ville133,Jacques Villeneuve,ville133@bedrijf.nl,Williams,Formule 1 Wereldkampioen 1997,Formule 1 Coureur voor Williams,%u9wKJqS,"OU=Williams,DC=example,DC=com"
Mika,Hakkinen,hakki780,Mika Hakkinen,hakki780@bedrijf.nl,Mc Laren,Tweevoudig Wereldkampioen,Formule 1 Coureur voor Mc Laren,lc5@$YKg,"OU=McLaren,DC=example,DC=com"
Eddie,Irvine,irvin144,Eddie Irvine,irvin144@bedrijf.nl,Ferrari,Formule 1 Coureur,Formule 1 Coureur voor Ferrari,R3!s5rlg,"OU=Ferrari,DC=example,DC=com"
David,Coulthard,coult931,David Coulthard,coult931@bedrijf.nl,Mc Laren,Formule 1 Coureur,Formule 1 Coureur voor Mc Laren,6b!QA6mA,"OU=McLaren,DC=example,DC=com"
Jean,Alesi,alesi144,Jean Alesi,alesi144@bedrijf.nl,Ferrari,Formule 1 Coureur,Formule 1 Coureur voor Ferrari,l@IU$Q%5,"OU=Ferrari,DC=example,DC=com"
Rubens,Barrichello,barri515,Rubens Barrichello,barri515@bedrijf.nl,Ferrari,Formule 1 Coureur,Formule 1 Coureur voor Ferrari,&0hCQadb,"OU=Ferrari,DC=example,DC=com"
Heinz-Harald,Frentzen,frent379,Heinz-Harald Frentzen,frent379@bedrijf.nl,Jordan,Formule 1 Coureur,Formule 1 Coureur voor Jordan,YOFm&#g5,"OU=Jordan,DC=example,DC=com"
Jos,Verstappen,verst627,Jos Verstappen,verst627@bedrijf.nl,Benetton,Formule 1 Coureur,Formule 1 Coureur voor Benetton,!m4gc4gU,"OU=Benetton,DC=example,DC=com"
Olivier,Panis,panis231,Olivier Panis,panis231@bedrijf.nl,Ligier,Formule 1 Coureur,Formule 1 Coureur voor Ligier,g&WQ&2zG,"OU=Ligier,DC=example,DC=com"
Johnny,Herbert,herbe949,Johnny Herbert,herbe949@bedrijf.nl,Benetton,Formule 1 Coureur,Formule 1 Coureur voor Benetton,d7c38V#m,"OU=Benetton,DC=example,DC=com"
Fernando,Alonso,alons837,Fernando Alonso,alons837@bedrijf.nl,Renault,Tweevoudig Wereldkampioen,Formule 1 Coureur voor Renault,I#2PMtuR,"OU=Renault,DC=example,DC=com"
Kimi,Raikkonen,raikk276,Kimi Raikkonen,raikk276@bedrijf.nl,Ferrari,Formule 1 Wereldkampioen 2007,Formule 1 Coureur voor Ferrari,2PBk3#Ir,"OU=Ferrari,DC=example,DC=com"
Jenson,Button,butto668,Jenson Button,butto668@bedrijf.nl,Brawn GP,Formule 1 Wereldkampioen 2009,Formule 1 Coureur voor Brawn GP,qVN@DVi9,"OU=BrawnGP,DC=example,DC=com"
Felipe,Massa,massa338,Felipe Massa,massa338@bedrijf.nl,Ferrari,Formule 1 Coureur,Formule 1 Coureur voor Ferrari,Q2mH0#WX,"OU=Ferrari,DC=example,DC=com"
Robert,Kubica,kubic283,Robert Kubica,kubic283@bedrijf.nl,BMW Sauber,Formule 1 Coureur,Formule 1 Coureur voor BMW Sauber,XV@kp5s$,"OU=BMWSauber,DC=example,DC=com"
Mark,Webber,webbe465,Mark Webber,webbe465@bedrijf.nl,Red Bull Racing,Formule 1 Coureur,Formule 1 Coureur voor Red Bull Racing,xNQju3%I,"OU=RedBullRacing,DC=example,DC=com"
Jarno,Trulli,trull266,Jarno Trulli,trull266@bedrijf.nl,Renault,Formule 1 Coureur,Formule 1 Coureur voor Renault,X@Rr8&IB,"OU=Renault,DC=example,DC=com"
Giancarlo,Fisichella,fisic527,Giancarlo Fisichella,fisic527@bedrijf.nl,Renault,Formule 1 Coureur,Formule 1 Coureur voor Renault,bC0X&9BE,"OU=Renault,DC=example,DC=com"
Nick,Heidfeld,heidf458,Nick Heidfeld,heidf458@bedrijf.nl,BMW Sauber,Formule 1 Coureur,Formule 1 Coureur voor BMW Sauber,sv6E5fU$,"OU=BMWSauber,DC=example,DC=com"
Juan Pablo,Montoya,monto964,Juan Pablo Montoya,monto964@bedrijf.nl,Williams,Formule 1 Coureur,Formule 1 Coureur voor Williams,AOoL9&H4,"OU=Williams,DC=example,DC=com"
Ralf,Schumacher,schum152,Ralf Schumacher,schum152@bedrijf.nl,Williams,Formule 1 Coureur,Formule 1 Coureur voor Williams,7!i4nY9X,"OU=Williams,DC=example,DC=com"
Sebastian,Vettel,vette836,Sebastian Vettel,vette836@bedrijf.nl,Red Bull Racing,4-voudig Wereldkampioen,Formule 1 Coureur voor Red Bull Racing,3!KnzD2F,"OU=RedBullRacing,DC=example,DC=com"
Lewis,Hamilton,hamil847,Lewis Hamilton,hamil847@bedrijf.nl,Mercedes,7-voudig Wereldkampioen,Formule 1 Coureur voor Mercedes,Y2dbmjq!,"OU=Mercedes,DC=example,DC=com"
Nico,Rosberg,rosbe254,Nico Rosberg,rosbe254@bedrijf.nl,Mercedes,Formule 1 Wereldkampioen 2016,Formule 1 Coureur voor Mercedes,LvGk6FX$,"OU=Mercedes,DC=example,DC=com"
Daniel,Ricciardo,ricci156,Daniel Ricciardo,ricci156@bedrijf.nl,Red Bull Racing,Formule 1 Coureur,Formule 1 Coureur voor Red Bull Racing,N@uCB2kr,"OU=RedBullRacing,DC=example,DC=com"
Valtteri,Bottas,botta627,Valtteri Bottas,botta627@bedrijf.nl,Mercedes,Formule 1 Coureur,Formule 1 Coureur voor Mercedes,miNV$p9q,"OU=Mercedes,DC=example,DC=com"
Romain,Grosjean,grosj290,Romain Grosjean,grosj290@bedrijf.nl,Haas,Formule 1 Coureur,Formule 1 Coureur voor Haas,V5#pNoZL,"OU=Haas,DC=example,DC=com"
Sergio,Perez,perez915,Sergio Perez,perez915@bedrijf.nl,Red Bull Racing,Formule 1 Coureur,Formule 1 Coureur voor Red Bull Racing,0J%p#JV%,"OU=RedBullRacing,DC=example,DC=com"
Nico,Hulkenberg,hulke148,Nico Hulkenberg,hulke148@bedrijf.nl,Force India,Formule 1 Coureur,Formule 1 Coureur voor Force India,gDfz3!0o,"OU=ForceIndia,DC=example,DC=com"
Daniil,Kvyat,kvyat890,Daniil Kvyat,kvyat890@bedrijf.nl,Toro Rosso,Formule 1 Coureur,Formule 1 Coureur voor Toro Rosso,PbDh$8jn,"OU=ToroRosso,DC=example,DC=com"
Carlos,Sainz,sainz623,Carlos Sainz,sainz623@bedrijf.nl,Ferrari,Formule 1 Coureur,Formule 1 Coureur voor Ferrari,!iO4g40v,"OU=Ferrari,DC=example,DC=com"
Max,Verstappen,verst313,Max Verstappen,verst313@bedrijf.nl,Red Bull Racing,Meervoudig Wereldkampioen,Formule 1 Coureur voor Red Bull Racing,!!m$q7Ii,"OU=RedBullRacing,DC=example,DC=com"
Charles,Leclerc,lecle198,Charles Leclerc,lecle198@bedrijf.nl,Ferrari,Formule 1 Coureur,Formule 1 Coureur voor Ferrari,9&%aha5Z,"OU=Ferrari,DC=example,DC=com"
Lando,Norris,norri457,Lando Norris,norri457@bedrijf.nl,Mc Laren,Formule 1 Coureur,Formule 1 Coureur voor Mc Laren,@Q&RPjl5,"OU=McLaren,DC=example,DC=com"
George,Russell,russe606,George Russell,russe606@bedrijf.nl,Mercedes,Formule 1 Coureur,Formule 1 Coureur voor Mercedes,%R@2OPfn,"OU=Mercedes,DC=example,DC=com"
Pierre,Gasly,gasly200,Pierre Gasly,gasly200@bedrijf.nl,Alpine,Formule 1 Coureur,Formule 1 Coureur voor Alpine,x#7LYhjP,"OU=Alpine,DC=example,DC=com"
Esteban,Ocon,oconx988,Esteban Ocon,oconx988@bedrijf.nl,Alpine,Formule 1 Coureur,Formule 1 Coureur voor Alpine,$5kuTC$7,"OU=Alpine,DC=example,DC=com"
Alexander,Albon,albon269,Alexander Albon,albon269@bedrijf.nl,Williams,Formule 1 Coureur,Formule 1 Coureur voor Williams,l2ksP%0J,"OU=Williams,DC=example,DC=com"
Yuki,Tsunoda,tsuno314,Yuki Tsunoda,tsuno314@bedrijf.nl,RB,Formule 1 Coureur,Formule 1 Coureur voor RB,V93Rj!k5,"OU=RB,DC=example,DC=com"
Oscar,Piastri,piast569,Oscar Piastri,piast569@bedrijf.nl,Mc Laren,Formule 1 Coureur,Formule 1 Coureur voor Mc Laren,@6tvI1e&,"OU=McLaren,DC=example,DC=com"
Lance,Stroll,strol757,Lance Stroll,strol757@bedrijf.nl,Aston Martin,Formule 1 Coureur,Formule 1 Coureur voor Aston Martin,tQNq8wq$,"OU=AstonMartin,DC=example,DC=com"
Zhou,Guanyu,guany381,Zhou Guanyu,guany381@bedrijf.nl,Alfa Romeo,Formule 1 Coureur,Formule 1 Coureur voor Alfa Romeo,BI$suM8c,"OU=AlfaRomeo,DC=example,DC=com"
Nyck,de Vries,vries928,Nyck de Vries,vries928@bedrijf.nl,AlphaTauri,Formule 1 Coureur,Formule 1 Coureur voor AlphaTauri,1f2SY%Oq,"OU=AlphaTauri,DC=example,DC=com"
Liam,Lawson,lawso820,Liam Lawson,lawso820@bedrijf.nl,RB,Formule 1 Coureur,Formule 1 Coureur voor RB,BHO5py1!,"OU=RB,DC=example,DC=com"
Oliver,Bearman,bearm455,Oliver Bearman,bearm455@bedrijf.nl,Haas,Formule 1 Coureur,Formule 1 Coureur voor Haas,lmQar!4!,"OU=Haas,DC=example,DC=com"
Andrea Kimi,Antonelli,anton828,Andrea Kimi Antonelli,anton828@bedrijf.nl,Mercedes,Formule 1 Coureur,Formule 1 Coureur voor Mercedes,5%181hCK,"OU=Mercedes,DC=example,DC=com"
Franco,Colapinto,colap272,Franco Colapinto,colap272@bedrijf.nl,Williams,Formule 1 Coureur,Formule 1 Coureur voor Williams,RbOS64B%,"OU=Williams,DC=example,DC=com"
