Voornaam,Achternaam,Gebruikersnaam,DisplayName,UserPrincipalName,Department,Title,Description,Wachtwoord,OU
Phil,Mitchell,mitch011,Phil Mitchell,mitch011@bedrijf.nl,EastEnders,Monteur,Personage uit EastEnders,g42sK&Y@,"OU=EastEnders,DC=example,DC=com"
Grant,Mitchell,mitch948,Grant Mitchell,mitch948@bedrijf.nl,EastEnders,Beveiliging,Personage uit EastEnders,O$8!r9dT,"OU=EastEnders,DC=example,DC=com"
Peggy,Mitchell,mitch422,Peggy Mitchell,mitch422@bedrijf.nl,EastEnders,Horecaondernemer,Personage uit EastEnders,KMyd&94$,"OU=EastEnders,DC=example,DC=com"
Ian,Beale,beale225,Ian Beale,beale225@bedrijf.nl,EastEnders,Restauranthouder,Personage uit EastEnders,0T&i8&Dw,"OU=EastEnders,DC=example,DC=com"
Stacey,Slater,slate650,Stacey Slater,slate650@bedrijf.nl,EastEnders,Markthandelaar,Personage uit EastEnders,17yF!C!m,"OU=EastEnders,DC=example,DC=com"
Kat,Slater,slate717,Kat Slater,slate717@bedrijf.nl,EastEnders,Markthandelaar,Personage uit EastEnders,J5q$&dC5,"OU=EastEnders,DC=example,DC=com"
Alfie,Moon,moon621,Alfie Moon,moon621@bedrijf.nl,EastEnders,Pubhouder,Personage uit EastEnders,ZeSd&50!,"OU=EastEnders,DC=example,DC=com"
Max,Branning,brann668,Max Branning,brann668@bedrijf.nl,EastEnders,Autoverkoper,Personage uit EastEnders,5BZ#c2t!,"OU=EastEnders,DC=example,DC=com"
Syed,Masood,masoo702,Syed Masood,masoo702@bedrijf.nl,EastEnders,Ondernemer,Personage uit EastEnders,6N@8B$aw,"OU=EastEnders,DC=example,DC=com"
Denise,Fox,fox971,Denise Fox,fox971@bedrijf.nl,EastEnders,Schoonheidsspecialiste,Personage uit EastEnders,&R9@d3Fb,"OU=EastEnders,DC=example,DC=com"
Sharon,Watts,watts568,Sharon Watts,watts568@bedrijf.nl,EastEnders,Pubhouder,Personage uit EastEnders,8i9E$!Ws,"OU=EastEnders,DC=example,DC=com"
Martin,Fowler,fowle610,Martin Fowler,fowle610@bedrijf.nl,EastEnders,Markthandelaar,Personage uit EastEnders,nLg@38K&,"OU=EastEnders,DC=example,DC=com"
Dot,Cotton,cotto713,Dot Cotton,cotto713@bedrijf.nl,EastEnders,Reinigster,Personage uit EastEnders,cN$A!6p5,"OU=EastEnders,DC=example,DC=com"
Nick,Cotton,cotto600,Nick Cotton,cotto600@bedrijf.nl,EastEnders,Werkloos,Personage uit EastEnders,78HE$e&b,"OU=EastEnders,DC=example,DC=com"
Bianca,Jackson,jacks134,Bianca Jackson,jacks134@bedrijf.nl,EastEnders,Markthandelaar,Personage uit EastEnders,pp2C#@4L,"OU=EastEnders,DC=example,DC=com"
Ken,Barlow,barlo201,Ken Barlow,barlo201@bedrijf.nl,CoronationStreet,Journalist,Personage uit Coronation Street,&8!C4wNy,"OU=Formule1,DC=example,DC=com"
Deirdre,Barlow,barlo419,Deirdre Barlow,barlo419@bedrijf.nl,CoronationStreet,Administratief medewerker,Personage uit Coronation Street,O$p95$sP,"OU=Formule1,DC=example,DC=com"
Gail,Platt,platt395,Gail Platt,platt395@bedrijf.nl,CoronationStreet,Serveerster,Personage uit Coronation Street,Q9!&uE8f,"OU=Formule1,DC=example,DC=com"
Nick,Platt,platt029,Nick Platt,platt029@bedrijf.nl,CoronationStreet,Restauranthouder,Personage uit Coronation Street,f2$W@s5C,"OU=Formule1,DC=example,DC=com"
Sarah,Platt,platt413,Sarah Platt,platt413@bedrijf.nl,CoronationStreet,Kapster,Personage uit Coronation Street,F0R&hu9$,"OU=Formule1,DC=example,DC=com"
Audrey,Roberts,rober917,Audrey Roberts,rober917@bedrijf.nl,CoronationStreet,Kapster,Personage uit Coronation Street,@jJ44Ph$,"OU=Formule1,DC=example,DC=com"
Jack,Duckworth,duckw026,Jack Duckworth,duckw026@bedrijf.nl,CoronationStreet,Fabrieksarbeider,Personage uit Coronation Street,@avO$0Z1,"OU=Formule1,DC=example,DC=com"
Vera,Duckworth,duckw310,Vera Duckworth,duckw310@bedrijf.nl,CoronationStreet,Fabrieksarbeider,Personage uit Coronation Street,2$Vwl8Z#,"OU=Formule1,DC=example,DC=com"
Bet,Lynch,lynch288,Bet Lynch,lynch288@bedrijf.nl,CoronationStreet,Pubhouder,Personage uit Coronation Street,$vYLg89@,"OU=Formule1,DC=example,DC=com"
Mike,Baldwin,baldw835,Mike Baldwin,baldw835@bedrijf.nl,CoronationStreet,Fabrikant,Personage uit Coronation Street,C$xcR$22,"OU=Formule1,DC=example,DC=com"
Liz,McDonald,mcdon305,Liz McDonald,mcdon305@bedrijf.nl,CoronationStreet,Barpersoneel,Personage uit Coronation Street,7O$w#T6j,"OU=Formule1,DC=example,DC=com"
Steve,McDonald,mcdon267,Steve McDonald,mcdon267@bedrijf.nl,CoronationStreet,Taxichauffeur,Personage uit Coronation Street,o3J3#Wb@,"OU=Formule1,DC=example,DC=com"
Tracy,Barlow,barlo225,Tracy Barlow,barlo225@bedrijf.nl,CoronationStreet,Winkelierster,Personage uit Coronation Street,S17qPv$@,"OU=Formule1,DC=example,DC=com"
Leanne,Battersby,batte537,Leanne Battersby,batte537@bedrijf.nl,CoronationStreet,Restauranthoudster,Personage uit Coronation Street,RfzD!1$9,"OU=Formule1,DC=example,DC=com"
Roy,Cropper,cropp592,Roy Cropper,cropp592@bedrijf.nl,CoronationStreet,Cafetariahouder,Personage uit Coronation Street,C56uwQ!$,"OU=Formule1,DC=example,DC=com"
Hayley,Cropper,cropp723,Hayley Cropper,cropp723@bedrijf.nl,CoronationStreet,Naaister,Personage uit Coronation Street,n6Q#Pl3&,"OU=Formule1,DC=example,DC=com"
Tyrone,Dobbs,dobbs671,Tyrone Dobbs,dobbs671@bedrijf.nl,CoronationStreet,Monteur,Personage uit Coronation Street,X22Xu#!u,"OU=Formule1,DC=example,DC=com"
Fiz,Stape,stape466,Fiz Stape,stape466@bedrijf.nl,CoronationStreet,Fabrieksarbeider,Personage uit Coronation Street,K@an!9D0,"OU=Formule1,DC=example,DC=com"
David,Platt,platt697,David Platt,platt697@bedrijf.nl,CoronationStreet,Kapper,Personage uit Coronation Street,6&xVW&8m,"OU=Formule1,DC=example,DC=com"
Brooke,Logan,logan817,Brooke Logan,logan817@bedrijf.nl,BoldBeautiful,Modeontwerpster,Personage uit Bold and the Beautiful,Px!w!83U,"OU=Formule1,DC=example,DC=com"
Ridge,Forrester,forre569,Ridge Forrester,forre569@bedrijf.nl,BoldBeautiful,Modeontwerper,Personage uit Bold and the Beautiful,j$$16EOp,"OU=Formule1,DC=example,DC=com"
Eric,Forrester,forre865,Eric Forrester,forre865@bedrijf.nl,BoldBeautiful,Modedirecteur,Personage uit Bold and the Beautiful,Gq!38o&M,"OU=Formule1,DC=example,DC=com"
Stephanie,Forrester,forre666,Stephanie Forrester,forre666@bedrijf.nl,BoldBeautiful,Huismoeder,Personage uit Bold and the Beautiful,j1Nw$$Z7,"OU=Formule1,DC=example,DC=com"
Taylor,Hayes,hayes141,Taylor Hayes,hayes141@bedrijf.nl,BoldBeautiful,Psychiater,Personage uit Bold and the Beautiful,k$SL1$8p,"OU=Formule1,DC=example,DC=com"
Thomas,Forrester,forre832,Thomas Forrester,forre832@bedrijf.nl,BoldBeautiful,Modeontwerper,Personage uit Bold and the Beautiful,4uP1!H@e,"OU=Formule1,DC=example,DC=com"
Steffy,Forrester,forre742,Steffy Forrester,forre742@bedrijf.nl,BoldBeautiful,Modemanager,Personage uit Bold and the Beautiful,0fY1#l!F,"OU=Formule1,DC=example,DC=com"
Hope,Logan,logan749,Hope Logan,logan749@bedrijf.nl,BoldBeautiful,Modeontwerpster,Personage uit Bold and the Beautiful,!C4ow!O4,"OU=Formule1,DC=example,DC=com"
Liam,Spencer,spenc665,Liam Spencer,spenc665@bedrijf.nl,BoldBeautiful,Mediatycoon,Personage uit Bold and the Beautiful,v$!H4Pu3,"OU=Formule1,DC=example,DC=com"
Bill,Spencer,spenc112,Bill Spencer,spenc112@bedrijf.nl,BoldBeautiful,Uitgeefbaas,Personage uit Bold and the Beautiful,$Aq!5x3D,"OU=Formule1,DC=example,DC=com"
Katie,Logan,logan045,Katie Logan,logan045@bedrijf.nl,BoldBeautiful,PR-manager,Personage uit Bold and the Beautiful,n&$E4C4c,"OU=Formule1,DC=example,DC=com"
Donna,Logan,logan233,Donna Logan,logan233@bedrijf.nl,BoldBeautiful,Receptionist,Personage uit Bold and the Beautiful,2K7plJ!&,"OU=Formule1,DC=example,DC=com"
Nick,Marone,maron634,Nick Marone,maron634@bedrijf.nl,BoldBeautiful,Scheepsvaarder,Personage uit Bold and the Beautiful,d&#eX0I4,"OU=Formule1,DC=example,DC=com"
Amber,Moore,moore547,Amber Moore,moore547@bedrijf.nl,BoldBeautiful,Modeassistente,Personage uit Bold and the Beautiful,&M$3v7Fi,"OU=Formule1,DC=example,DC=com"
Rick,Forrester,forre594,Rick Forrester,forre594@bedrijf.nl,BoldBeautiful,Modedirecteur,Personage uit Bold and the Beautiful,L@I79l&a,"OU=Formule1,DC=example,DC=com"
Marlena,Evans,evans440,Marlena Evans,evans440@bedrijf.nl,DaysOfOurLives,Psychiater,Personage uit Days of Our Lives,q4@$HV0q,"OU=Formule1,DC=example,DC=com"
John,Black,black176,John Black,black176@bedrijf.nl,DaysOfOurLives,Veiligheidsagent,Personage uit Days of Our Lives,q#Bq@F91,"OU=Formule1,DC=example,DC=com"
Bo,Brady,brady135,Bo Brady,brady135@bedrijf.nl,DaysOfOurLives,Politieagent,Personage uit Days of Our Lives,jEV&f$52,"OU=Formule1,DC=example,DC=com"
Hope,Brady,brady035,Hope Brady,brady035@bedrijf.nl,DaysOfOurLives,Politieagente,Personage uit Days of Our Lives,2Njy@D#3,"OU=Formule1,DC=example,DC=com"
Victor,Kiriakis,kiria635,Victor Kiriakis,kiria635@bedrijf.nl,DaysOfOurLives,Zakenman,Personage uit Days of Our Lives,$1rHlN!0,"OU=Formule1,DC=example,DC=com"
Nicole,Walker,walke831,Nicole Walker,walke831@bedrijf.nl,DaysOfOurLives,Televisieproducente,Personage uit Days of Our Lives,cM&z!S31,"OU=Formule1,DC=example,DC=com"
Brady,Black,black707,Brady Black,black707@bedrijf.nl,DaysOfOurLives,Televisiepresentator,Personage uit Days of Our Lives,$sH18St&,"OU=Formule1,DC=example,DC=com"
Sami,Brady,brady207,Sami Brady,brady207@bedrijf.nl,DaysOfOurLives,Ondernemer,Personage uit Days of Our Lives,x&bNC&16,"OU=Formule1,DC=example,DC=com"
Lucas,Horton,horto741,Lucas Horton,horto741@bedrijf.nl,DaysOfOurLives,Zakenman,Personage uit Days of Our Lives,zW!!mG16,"OU=Formule1,DC=example,DC=com"
EJ,DiMera,dimer067,EJ DiMera,dimer067@bedrijf.nl,DaysOfOurLives,Advocaat,Personage uit Days of Our Lives,$7ikIS!7,"OU=Formule1,DC=example,DC=com"
Stefano,DiMera,dimer588,Stefano DiMera,dimer588@bedrijf.nl,DaysOfOurLives,Crimineel zakenman,Personage uit Days of Our Lives,x&k$6WC3,"OU=Formule1,DC=example,DC=com"
Jennifer,Deveraux,dever836,Jennifer Deveraux,dever836@bedrijf.nl,DaysOfOurLives,Journaliste,Personage uit Days of Our Lives,@@5sWLu5,"OU=Formule1,DC=example,DC=com"
Jack,Deveraux,dever776,Jack Deveraux,dever776@bedrijf.nl,DaysOfOurLives,Journalist,Personage uit Days of Our Lives,#BYu8$e2,"OU=Formule1,DC=example,DC=com"
Abe,Carver,carve551,Abe Carver,carve551@bedrijf.nl,DaysOfOurLives,Commissaris,Personage uit Days of Our Lives,#94sf@FR,"OU=Formule1,DC=example,DC=com"
Lexie,Carver,carve185,Lexie Carver,carve185@bedrijf.nl,DaysOfOurLives,Arts,Personage uit Days of Our Lives,k#MV5i6@,"OU=Formule1,DC=example,DC=com"
Harold,Bishop,bisho496,Harold Bishop,bisho496@bedrijf.nl,Neighbours,Ondernemer,Personage uit Neighbours,!v&aX53P,"OU=Formule1,DC=example,DC=com"
Madge,Bishop,bisho419,Madge Bishop,bisho419@bedrijf.nl,Neighbours,Caféhouder,Personage uit Neighbours,X&xR5&v3,"OU=Formule1,DC=example,DC=com"
Toadie,Rebecchi,rebec417,Toadie Rebecchi,rebec417@bedrijf.nl,Neighbours,Advocaat,Personage uit Neighbours,cz66@O#P,"OU=Formule1,DC=example,DC=com"
Karl,Kennedy,kenne848,Karl Kennedy,kenne848@bedrijf.nl,Neighbours,Huisarts,Personage uit Neighbours,Rt3i1#&W,"OU=Formule1,DC=example,DC=com"
Susan,Kennedy,kenne198,Susan Kennedy,kenne198@bedrijf.nl,Neighbours,Lerares,Personage uit Neighbours,3@$8CaCn,"OU=Formule1,DC=example,DC=com"
Scott,Robinson,robin380,Scott Robinson,robin380@bedrijf.nl,Neighbours,Journalist,Personage uit Neighbours,t0$$ASk6,"OU=Formule1,DC=example,DC=com"
Charlene,Mitchell,mitch247,Charlene Mitchell,mitch247@bedrijf.nl,Neighbours,Monteur,Personage uit Neighbours,a6z!0@ER,"OU=Formule1,DC=example,DC=com"
Jim,Robinson,robin477,Jim Robinson,robin477@bedrijf.nl,Neighbours,Ingenieur,Personage uit Neighbours,0p&1Df&X,"OU=Formule1,DC=example,DC=com"
Paul,Robinson,robin316,Paul Robinson,robin316@bedrijf.nl,Neighbours,Hoteldirecteur,Personage uit Neighbours,5Bh&9#Xo,"OU=Formule1,DC=example,DC=com"
Steph,Scully,scull741,Steph Scully,scull741@bedrijf.nl,Neighbours,Monteur,Personage uit Neighbours,Nf9Es2&&,"OU=Formule1,DC=example,DC=com"
Libby,Kennedy,kenne485,Libby Kennedy,kenne485@bedrijf.nl,Neighbours,Journaliste,Personage uit Neighbours,y$#H87Ko,"OU=Formule1,DC=example,DC=com"
Drew,Kirk,kirk925,Drew Kirk,kirk925@bedrijf.nl,Neighbours,Monteur,Personage uit Neighbours,h$3LFo$7,"OU=Formule1,DC=example,DC=com"
Dee,Bliss,bliss543,Dee Bliss,bliss543@bedrijf.nl,Neighbours,Verpleegkundige,Personage uit Neighbours,8A$5@Lpp,"OU=Formule1,DC=example,DC=com"
Dylan,Timmins,timmi262,Dylan Timmins,timmi262@bedrijf.nl,Neighbours,Bouwer,Personage uit Neighbours,6jmU@E3$,"OU=Formule1,DC=example,DC=com"
Izzy,Hoyland,hoyla638,Izzy Hoyland,hoyla638@bedrijf.nl,Neighbours,Barvrouw,Personage uit Neighbours,!6bA&5Kv,"OU=Formule1,DC=example,DC=com"
Luke,Spencer,spenc460,Luke Spencer,spenc460@bedrijf.nl,GeneralHospital,Ondernemer,Personage uit General Hospital,n49Xb#&Q,"OU=Formule1,DC=example,DC=com"
Laura,Webber,webbe976,Laura Webber,webbe976@bedrijf.nl,GeneralHospital,Zakenvrouw,Personage uit General Hospital,$3f4qIR&,"OU=Formule1,DC=example,DC=com"
Sonny,Corinthos,corin751,Sonny Corinthos,corin751@bedrijf.nl,GeneralHospital,Zakenman,Personage uit General Hospital,e@2@H2dW,"OU=Formule1,DC=example,DC=com"
Carly,Spencer,spenc446,Carly Spencer,spenc446@bedrijf.nl,GeneralHospital,Hotelmanager,Personage uit General Hospital,VHk5f@1$,"OU=Formule1,DC=example,DC=com"
Jason,Morgan,morga302,Jason Morgan,morga302@bedrijf.nl,GeneralHospital,Veiligheidsagent,Personage uit General Hospital,dl4F!@N1,"OU=Formule1,DC=example,DC=com"
Sam,McCall,mccal481,Sam McCall,mccal481@bedrijf.nl,GeneralHospital,Privédetective,Personage uit General Hospital,!Iq4#sO6,"OU=Formule1,DC=example,DC=com"
Robin,Scorpio,scorp670,Robin Scorpio,scorp670@bedrijf.nl,GeneralHospital,Arts,Personage uit General Hospital,m#WP9i@0,"OU=Formule1,DC=example,DC=com"
Patrick,Drake,drake625,Patrick Drake,drake625@bedrijf.nl,GeneralHospital,Neurochirurg,Personage uit General Hospital,5#6GU@ph,"OU=Formule1,DC=example,DC=com"
Anna,Devane,devan435,Anna Devane,devan435@bedrijf.nl,GeneralHospital,Politiecommissaris,Personage uit General Hospital,#$yA2gB0,"OU=Formule1,DC=example,DC=com"
Robert,Scorpio,scorp995,Robert Scorpio,scorp995@bedrijf.nl,GeneralHospital,Agent,Personage uit General Hospital,Jur1$$H9,"OU=Formule1,DC=example,DC=com"
Maxie,Jones,jones569,Maxie Jones,jones569@bedrijf.nl,GeneralHospital,Moderedacteur,Personage uit General Hospital,$1!p7THg,"OU=Formule1,DC=example,DC=com"
Spinelli,Damian,damia396,Damian Spinelli,damia396@bedrijf.nl,GeneralHospital,Hacker,Personage uit General Hospital,$4#8CzSn,"OU=Formule1,DC=example,DC=com"
Mac,Scorpio,scorp123,Mac Scorpio,scorp123@bedrijf.nl,GeneralHospital,Commissaris,Personage uit General Hospital,Ee$3m6M#,"OU=Formule1,DC=example,DC=com"
Felicia,Jones,jones976,Felicia Jones,jones976@bedrijf.nl,GeneralHospital,Winkelierster,Personage uit General Hospital,R8#$aG4f,"OU=Formule1,DC=example,DC=com"
Monica,Quartermaine,quart435,Monica Quartermaine,quart435@bedrijf.nl,GeneralHospital,Cardioloog,Personage uit General Hospital,&I!U09ny,"OU=Formule1,DC=example,DC=com"
Adam,Newman,newma615,Adam Newman,newma615@bedrijf.nl,YoungRestless,Directeur,Personage uit Young and the Restless,$4Qb&6Rt,"OU=Formule1,DC=example,DC=com"
Victor,Newman,newma558,Victor Newman,newma558@bedrijf.nl,YoungRestless,Zakenimperium,Personage uit Young and the Restless,RG5l@h&2,"OU=Formule1,DC=example,DC=com"
Nikki,Newman,newma802,Nikki Newman,newma802@bedrijf.nl,YoungRestless,Zakenvrouw,Personage uit Young and the Restless,w$WW6#e2,"OU=Formule1,DC=example,DC=com"
Nick,Newman,newma358,Nick Newman,newma358@bedrijf.nl,YoungRestless,Ondernemer,Personage uit Young and the Restless,5Vl3#Q&m,"OU=Formule1,DC=example,DC=com"
Sharon,Newman,newma943,Sharon Newman,newma943@bedrijf.nl,YoungRestless,Cafébazin,Personage uit Young and the Restless,$Hv85aR!,"OU=Formule1,DC=example,DC=com"
Victoria,Newman,newma064,Victoria Newman,newma064@bedrijf.nl,YoungRestless,CEO,Personage uit Young and the Restless,$sYB1#7e,"OU=Formule1,DC=example,DC=com"
Jack,Abbott,abbot689,Jack Abbott,abbot689@bedrijf.nl,YoungRestless,CEO,Personage uit Young and the Restless,@eB7e&U8,"OU=Formule1,DC=example,DC=com"
Ashley,Abbott,abbot259,Ashley Abbott,abbot259@bedrijf.nl,YoungRestless,Wetenschapper,Personage uit Young and the Restless,5rH$O&s9,"OU=Formule1,DC=example,DC=com"
Phyllis,Summers,summe400,Phyllis Summers,summe400@bedrijf.nl,YoungRestless,IT-manager,Personage uit Young and the Restless,8y#k#GV8,"OU=Formule1,DC=example,DC=com"
Billy,Abbott,abbot959,Billy Abbott,abbot959@bedrijf.nl,YoungRestless,Journalist,Personage uit Young and the Restless,k12IdD&#,"OU=Formule1,DC=example,DC=com"
Chelsea,Lawson,lawso111,Chelsea Lawson,lawso111@bedrijf.nl,YoungRestless,Modeontwerpster,Personage uit Young and the Restless,7JY$t@2q,"OU=Formule1,DC=example,DC=com"
Genoa,Chancellor,chanc064,Genoa Chancellor,chanc064@bedrijf.nl,YoungRestless,Zakenvrouw,Personage uit Young and the Restless,8#pYd0#V,"OU=Formule1,DC=example,DC=com"
Jill,Abbott,abbot143,Jill Abbott,abbot143@bedrijf.nl,YoungRestless,Zakenvrouw,Personage uit Young and the Restless,d$$L41Hx,"OU=Formule1,DC=example,DC=com"
Cane,Ashby,ashby630,Cane Ashby,ashby630@bedrijf.nl,YoungRestless,Zakenman,Personage uit Young and the Restless,6lMq!A9@,"OU=Formule1,DC=example,DC=com"
Lily,Winters,winte450,Lily Winters,winte450@bedrijf.nl,YoungRestless,Model,Personage uit Young and the Restless,4$5KsaA@,"OU=Formule1,DC=example,DC=com"
Ramona,Acosta,acost097,Ramona Acosta,acost097@bedrijf.nl,HollywoodHeights,Zangeres,Personage uit Hollywood Heights,A0vv!L2&,"OU=Formule1,DC=example,DC=com"
Alexis,Davis,davis257,Alexis Davis,davis257@bedrijf.nl,GeneralHospital,Advocaat,Personage uit General Hospital,4DZ#$hx5,"OU=Formule1,DC=example,DC=com"
Ned,Quartermaine,quart370,Ned Quartermaine,quart370@bedrijf.nl,GeneralHospital,Muzikant,Personage uit General Hospital,5Lu2@uQ!,"OU=Formule1,DC=example,DC=com"
Tracy,Quartermaine,quart867,Tracy Quartermaine,quart867@bedrijf.nl,GeneralHospital,Zakenvrouw,Personage uit General Hospital,Vv4#o&2Z,"OU=Formule1,DC=example,DC=com"
Diane,Jenkins,jenki016,Diane Jenkins,jenki016@bedrijf.nl,YoungRestless,Actrice,Personage uit Young and the Restless,F#9$Iaw7,"OU=Formule1,DC=example,DC=com"
Kyle,Abbott,abbot374,Kyle Abbott,abbot374@bedrijf.nl,YoungRestless,CEO,Personage uit Young and the Restless,D!0o8!kQ,"OU=Formule1,DC=example,DC=com"
Summer,Newman,newma775,Summer Newman,newma775@bedrijf.nl,YoungRestless,Modebedrijf,Personage uit Young and the Restless,$9gZ@Yl3,"OU=Formule1,DC=example,DC=com"
Tessa,Porter,porte592,Tessa Porter,porte592@bedrijf.nl,YoungRestless,Zangeres,Personage uit Young and the Restless,eOb$B5!8,"OU=Formule1,DC=example,DC=com"
Mariah,Copeland,copel424,Mariah Copeland,copel424@bedrijf.nl,YoungRestless,Televisiepresentatrice,Personage uit Young and the Restless,@Eo!o26G,"OU=Formule1,DC=example,DC=com"
Rey,Rosales,rosal024,Rey Rosales,rosal024@bedrijf.nl,YoungRestless,Rechercheur,Personage uit Young and the Restless,2l6V&l&L,"OU=Formule1,DC=example,DC=com"
Imogen,Heap,heap587,Imogen Heap,heap587@bedrijf.nl,Emmerdale,Zangeres,Personage fictief Emmerdale,7A@@w4hE,"OU=Formule1,DC=example,DC=com"
Paddy,Kirk,kirk048,Paddy Kirk,kirk048@bedrijf.nl,Emmerdale,Dierenarts,Personage uit Emmerdale,Q1&#6Ano,"OU=Formule1,DC=example,DC=com"
Chas,Dingle,dingl562,Chas Dingle,dingl562@bedrijf.nl,Emmerdale,Pubhouder,Personage uit Emmerdale,3o9OOk!$,"OU=Formule1,DC=example,DC=com"
Marlon,Dingle,dingl092,Marlon Dingle,dingl092@bedrijf.nl,Emmerdale,Kok,Personage uit Emmerdale,0&8c$nLU,"OU=Formule1,DC=example,DC=com"
Charity,Dingle,dingl049,Charity Dingle,dingl049@bedrijf.nl,Emmerdale,Pubhouder,Personage uit Emmerdale,E0e&e#H7,"OU=Formule1,DC=example,DC=com"
Sam,Dingle,dingl964,Sam Dingle,dingl964@bedrijf.nl,Emmerdale,Boer,Personage uit Emmerdale,GfeJ08##,"OU=Formule1,DC=example,DC=com"
Belle,Dingle,dingl667,Belle Dingle,dingl667@bedrijf.nl,Emmerdale,Hairstyliste,Personage uit Emmerdale,O@I&2w3a,"OU=Formule1,DC=example,DC=com"
Zak,Dingle,dingl985,Zak Dingle,dingl985@bedrijf.nl,Emmerdale,Boer,Personage uit Emmerdale,P$6$N6ye,"OU=Formule1,DC=example,DC=com"
Lisa,Dingle,dingl391,Lisa Dingle,dingl391@bedrijf.nl,Emmerdale,Boerin,Personage uit Emmerdale,D&Ix2#l4,"OU=Formule1,DC=example,DC=com"
Aaron,Dingle,dingl994,Aaron Dingle,dingl994@bedrijf.nl,Emmerdale,Monteur,Personage uit Emmerdale,Lw!V5$8u,"OU=Formule1,DC=example,DC=com"
Robert,Sugden,sugde015,Robert Sugden,sugde015@bedrijf.nl,Emmerdale,Zakenman,Personage uit Emmerdale,L&&51Znv,"OU=Formule1,DC=example,DC=com"
Andy,Sugden,sugde332,Andy Sugden,sugde332@bedrijf.nl,Emmerdale,Boer,Personage uit Emmerdale,w&jX0H5&,"OU=Formule1,DC=example,DC=com"
Victoria,Sugden,sugde844,Victoria Sugden,sugde844@bedrijf.nl,Emmerdale,Kok,Personage uit Emmerdale,d2K$A2$o,"OU=Formule1,DC=example,DC=com"
Laurel,Thomas,thoma701,Laurel Thomas,thoma701@bedrijf.nl,Emmerdale,Kantoormedewerker,Personage uit Emmerdale,o7b1K&@P,"OU=Formule1,DC=example,DC=com"
Bernice,Blackstock,black513,Bernice Blackstock,black513@bedrijf.nl,Emmerdale,Kapster,Personage uit Emmerdale,7&v1$XpM,"OU=Formule1,DC=example,DC=com"
Diane,Thomas,thoma007,Diane Thomas,thoma007@bedrijf.nl,Emmerdale,Pubhouder,Personage uit Emmerdale,Jz$2!X5s,"OU=Formule1,DC=example,DC=com"
Bob,Hope,hope343,Bob Hope,hope343@bedrijf.nl,Emmerdale,Cafetariahouder,Personage uit Emmerdale,$0wBr9L$,"OU=Formule1,DC=example,DC=com"
Nicola,King,king409,Nicola King,king409@bedrijf.nl,Emmerdale,Zakenvrouw,Personage uit Emmerdale,&B7q$1kC,"OU=Formule1,DC=example,DC=com"
Jimmy,King,king088,Jimmy King,king088@bedrijf.nl,Emmerdale,Transportondernemer,Personage uit Emmerdale,Cf6j9$Z&,"OU=Formule1,DC=example,DC=com"
Jai,Sharma,sharm366,Jai Sharma,sharm366@bedrijf.nl,Emmerdale,Fabriekshouder,Personage uit Emmerdale,uWk@5V$4,"OU=Formule1,DC=example,DC=com"
Priya,Sharma,sharm883,Priya Sharma,sharm883@bedrijf.nl,Emmerdale,Modebedrijf,Personage uit Emmerdale,!UAf@3z1,"OU=Formule1,DC=example,DC=com"
Rishi,Sharma,sharm572,Rishi Sharma,sharm572@bedrijf.nl,Emmerdale,Fabrikant,Personage uit Emmerdale,ts&8$I8L,"OU=Formule1,DC=example,DC=com"
Graham,Foster,foste833,Graham Foster,foste833@bedrijf.nl,Emmerdale,Adviseur,Personage uit Emmerdale,34Shx#$M,"OU=Formule1,DC=example,DC=com"
Vanessa,Woodfield,woodf738,Vanessa Woodfield,woodf738@bedrijf.nl,Emmerdale,Dierenarts,Personage uit Emmerdale,LW$$29by,"OU=Formule1,DC=example,DC=com"
Tracey,Webb,webb022,Tracey Webb,webb022@bedrijf.nl,CoronationStreet,Winkelierster,Personage uit Coronation Street,Q!4S1p@t,"OU=Formule1,DC=example,DC=com"
Eileen,Grimshaw,grims342,Eileen Grimshaw,grims342@bedrijf.nl,CoronationStreet,Telefoniste,Personage uit Coronation Street,5!@Y6zxP,"OU=Formule1,DC=example,DC=com"
Jason,Grimshaw,grims349,Jason Grimshaw,grims349@bedrijf.nl,CoronationStreet,Bouwer,Personage uit Coronation Street,f5@m@MZ7,"OU=Formule1,DC=example,DC=com"
Sean,Tully,tully908,Sean Tully,tully908@bedrijf.nl,CoronationStreet,Verkoopmedewerker,Personage uit Coronation Street,J$f2P@9j,"OU=Formule1,DC=example,DC=com"
Michelle,Connor,conno394,Michelle Connor,conno394@bedrijf.nl,CoronationStreet,Barmanager,Personage uit Coronation Street,K@59@oJi,"OU=Formule1,DC=example,DC=com"
Peter,Barlow,barlo850,Peter Barlow,barlo850@bedrijf.nl,CoronationStreet,Drankhandelaar,Personage uit Coronation Street,gO#5!6Lf,"OU=Formule1,DC=example,DC=com"
Giuseppe,Farina,farin898,Giuseppe Farina,farin898@bedrijf.nl,Alfa Romeo,Formule 1 Wereldkampioen 1950,Formule 1 Coureur voor Alfa Romeo,WSA9Bh#M,"OU=AlfaRomeo,DC=example,DC=com"
Juan Manuel,Fangio,fangi755,Juan Manuel Fangio,fangi755@bedrijf.nl,Alfa Romeo,5-voudig Wereldkampioen,Formule 1 Coureur voor Alfa Romeo,hqf#SN7a,"OU=AlfaRomeo,DC=example,DC=com"
Alberto,Ascari,ascar939,Alberto Ascari,ascar939@bedrijf.nl,Ferrari,Tweevoudig Wereldkampioen,Formule 1 Coureur voor Ferrari,WCX$5Wqx,"OU=Ferrari,DC=example,DC=com"
Stirling,Moss,mossx146,Stirling Moss,mossx146@bedrijf.nl,Vanwall,Formule 1 Coureur,Formule 1 Coureur voor Vanwall,bH0L#wM%,"OU=Vanwall,DC=example,DC=com"
Mike,Hawthorn,hawth864,Mike Hawthorn,hawth864@bedrijf.nl,Ferrari,Formule 1 Wereldkampioen 1958,Formule 1 Coureur voor Ferrari,7#IMba%%,"OU=Ferrari,DC=example,DC=com"
Luigi,Fagioli,fagio318,Luigi Fagioli,fagio318@bedrijf.nl,Alfa Romeo,Formule 1 Coureur,Formule 1 Coureur voor Alfa Romeo,@tCzbN60,"OU=AlfaRomeo,DC=example,DC=com"
Jose Froilan,Gonzalez,gonza301,Jose Froilan Gonzalez,gonza301@bedrijf.nl,Ferrari,Formule 1 Coureur,Formule 1 Coureur voor Ferrari,X52@gJwX,"OU=Ferrari,DC=example,DC=com"
Maurice,Trintignant,trint310,Maurice Trintignant,trint310@bedrijf.nl,Cooper,Formule 1 Coureur,Formule 1 Coureur voor Cooper,@8e4DY&o,"OU=Cooper,DC=example,DC=com"
Jack,Brabham,brabh835,Jack Brabham,brabh835@bedrijf.nl,Brabham,3-voudig Wereldkampioen,Formule 1 Coureur voor Brabham,686Ho4$j,"OU=Brabham,DC=example,DC=com"
Jim,Clark,clark670,Jim Clark,clark670@bedrijf.nl,Lotus,Tweevoudig Wereldkampioen,Formule 1 Coureur voor Lotus,8fVD$ATR,"OU=Lotus,DC=example,DC=com"
Graham,Hill,hillx923,Graham Hill,hillx923@bedrijf.nl,BRM,Tweevoudig Wereldkampioen,Formule 1 Coureur voor BRM,F0!s3lTm,"OU=BRM,DC=example,DC=com"
John,Surtees,surte211,John Surtees,surte211@bedrijf.nl,Ferrari,Formule 1 Wereldkampioen 1964,Formule 1 Coureur voor Ferrari,n2nB$fEl,"OU=Ferrari,DC=example,DC=com"
Denny,Hulme,hulme488,Denny Hulme,hulme488@bedrijf.nl,Mc Laren,Formule 1 Wereldkampioen 1967,Formule 1 Coureur voor Mc Laren,K5#ZW6xM,"OU=McLaren,DC=example,DC=com"
Jackie,Stewart,stewa918,Jackie Stewart,stewa918@bedrijf.nl,Tyrrell,3-voudig Wereldkampioen,Formule 1 Coureur voor Tyrrell,0ZvS6!b!,"OU=Tyrrell,DC=example,DC=com"
Bruce,McLaren,mclar932,Bruce McLaren,mclar932@bedrijf.nl,Mc Laren,Oprichter & Coureur McLaren,Formule 1 Coureur voor Mc Laren,13g0oS#9,"OU=McLaren,DC=example,DC=com"
Dan,Gurney,gurne250,Dan Gurney,gurne250@bedrijf.nl,Eagle,Formule 1 Coureur,Formule 1 Coureur voor Eagle,oBsi$j4a,"OU=Eagle,DC=example,DC=com"
Jochen,Rindt,rindt568,Jochen Rindt,rindt568@bedrijf.nl,Lotus,Formule 1 Wereldkampioen 1970,Formule 1 Coureur voor Lotus,e@Qe1Asq,"OU=Lotus,DC=example,DC=com"
Emerson,Fittipaldi,fitti347,Emerson Fittipaldi,fitti347@bedrijf.nl,Lotus,Tweevoudig Wereldkampioen,Formule 1 Coureur voor Lotus,GKY#z6tr,"OU=Lotus,DC=example,DC=com"
Niki,Lauda,lauda935,Niki Lauda,lauda935@bedrijf.nl,Ferrari,3-voudig Wereldkampioen,Formule 1 Coureur voor Ferrari,#XmDGC3Y,"OU=Ferrari,DC=example,DC=com"
James,Hunt,huntx804,James Hunt,huntx804@bedrijf.nl,Mc Laren,Formule 1 Wereldkampioen 1976,Formule 1 Coureur voor Mc Laren,w&RBo5TM,"OU=McLaren,DC=example,DC=com"
Mario,Andretti,andre510,Mario Andretti,andre510@bedrijf.nl,Lotus,Formule 1 Wereldkampioen 1978,Formule 1 Coureur voor Lotus,&0lh&Pf7,"OU=Lotus,DC=example,DC=com"
Jody,Scheckter,schec969,Jody Scheckter,schec969@bedrijf.nl,Ferrari,Formule 1 Wereldkampioen 1979,Formule 1 Coureur voor Ferrari,z1$YwcS6,"OU=Ferrari,DC=example,DC=com"
Ronnie,Peterson,peter892,Ronnie Peterson,peter892@bedrijf.nl,Lotus,Formule 1 Coureur,Formule 1 Coureur voor Lotus,2U#nKFil,"OU=Lotus,DC=example,DC=com"
Gilles,Villeneuve,ville743,Gilles Villeneuve,ville743@bedrijf.nl,Ferrari,Formule 1 Coureur,Formule 1 Coureur voor Ferrari,uw3i4q&J,"OU=Ferrari,DC=example,DC=com"
Clay,Regazzoni,regaz297,Clay Regazzoni,regaz297@bedrijf.nl,Williams,Formule 1 Coureur,Formule 1 Coureur voor Williams,xB5@bvZF,"OU=Williams,DC=example,DC=com"
Carlos,Reutemann,reute544,Carlos Reutemann,reute544@bedrijf.nl,Brabham,Formule 1 Coureur,Formule 1 Coureur voor Brabham,F1REv5r!,"OU=Brabham,DC=example,DC=com"
Alan,Jones,jones200,Alan Jones,jones200@bedrijf.nl,Williams,Formule 1 Wereldkampioen 1980,Formule 1 Coureur voor Williams,Gv&Fn3nD,"OU=Williams,DC=example,DC=com"
Nelson,Piquet,pique775,Nelson Piquet,pique775@bedrijf.nl,Brabham,3-voudig Wereldkampioen,Formule 1 Coureur voor Brabham,U#p37YWn,"OU=Brabham,DC=example,DC=com"
Keke,Rosberg,rosbe849,Keke Rosberg,rosbe849@bedrijf.nl,Williams,Formule 1 Wereldkampioen 1982,Formule 1 Coureur voor Williams,vo#Op61w,"OU=Williams,DC=example,DC=com"
Alain,Prost,prost915,Alain Prost,prost915@bedrijf.nl,Mc Laren,4-voudig Wereldkampioen,Formule 1 Coureur voor Mc Laren,%dxw7BMw,"OU=McLaren,DC=example,DC=com"
Ayrton,Senna,senna928,Ayrton Senna,senna928@bedrijf.nl,Mc Laren,3-voudig Wereldkampioen,Formule 1 Coureur voor Mc Laren,FRGka!7X,"OU=McLaren,DC=example,DC=com"
Nigel,Mansell,manse616,Nigel Mansell,manse616@bedrijf.nl,Williams,Formule 1 Wereldkampioen 1992,Formule 1 Coureur voor Williams,C%hy$b28,"OU=Williams,DC=example,DC=com"
Gerhard,Berger,berge853,Gerhard Berger,berge853@bedrijf.nl,Ferrari,Formule 1 Coureur,Formule 1 Coureur voor Ferrari,zgf9IkH@,"OU=Ferrari,DC=example,DC=com"
Riccardo,Patrese,patre343,Riccardo Patrese,patre343@bedrijf.nl,Williams,Formule 1 Coureur,Formule 1 Coureur voor Williams,$CALFbV5,"OU=Williams,DC=example,DC=com"
Elio,de Angelis,angel600,Elio de Angelis,angel600@bedrijf.nl,Lotus,Formule 1 Coureur,Formule 1 Coureur voor Lotus,AWa%GE3f,"OU=Lotus,DC=example,DC=com"
Michele,Alboreto,albor695,Michele Alboreto,albor695@bedrijf.nl,Ferrari,Formule 1 Coureur,Formule 1 Coureur voor Ferrari,L#91UYuL,"OU=Ferrari,DC=example,DC=com"
Stefan,Johansson,johan568,Stefan Johansson,johan568@bedrijf.nl,Ferrari,Formule 1 Coureur,Formule 1 Coureur voor Ferrari,JqK$uGs5,"OU=Ferrari,DC=example,DC=com"
Michael,Schumacher,schum493,Michael Schumacher,schum493@bedrijf.nl,Ferrari,7-voudig Wereldkampioen,Formule 1 Coureur voor Ferrari,xCFs8%TH,"OU=Ferrari,DC=example,DC=com"
Damon,Hill,hillx867,Damon Hill,hillx867@bedrijf.nl,Williams,Formule 1 Wereldkampioen 1996,Formule 1 Coureur voor Williams,dX@4#uN4,"OU=Williams,DC=example,DC=com"
Jacques,Villeneuve,ville133,Jacques Villeneuve,ville133@bedrijf.nl,Williams,Formule 1 Wereldkampioen 1997,Formule 1 Coureur voor Williams,%u9wKJqS,"OU=Williams,DC=example,DC=com"
Mika,Hakkinen,hakki780,Mika Hakkinen,hakki780@bedrijf.nl,Mc Laren,Tweevoudig Wereldkampioen,Formule 1 Coureur voor Mc Laren,lc5@$YKg,"OU=McLaren,DC=example,DC=com"
Eddie,Irvine,irvin144,Eddie Irvine,irvin144@bedrijf.nl,Ferrari,Formule 1 Coureur,Formule 1 Coureur voor Ferrari,R3!s5rlg,"OU=Ferrari,DC=example,DC=com"
David,Coulthard,coult931,David Coulthard,coult931@bedrijf.nl,Mc Laren,Formule 1 Coureur,Formule 1 Coureur voor Mc Laren,6b!QA6mA,"OU=McLaren,DC=example,DC=com"
Jean,Alesi,alesi144,Jean Alesi,alesi144@bedrijf.nl,Ferrari,Formule 1 Coureur,Formule 1 Coureur voor Ferrari,l@IU$Q%5,"OU=Ferrari,DC=example,DC=com"
Rubens,Barrichello,barri515,Rubens Barrichello,barri515@bedrijf.nl,Ferrari,Formule 1 Coureur,Formule 1 Coureur voor Ferrari,&0hCQadb,"OU=Ferrari,DC=example,DC=com"
Heinz-Harald,Frentzen,frent379,Heinz-Harald Frentzen,frent379@bedrijf.nl,Jordan,Formule 1 Coureur,Formule 1 Coureur voor Jordan,YOFm&#g5,"OU=Jordan,DC=example,DC=com"
Jos,Verstappen,verst627,Jos Verstappen,verst627@bedrijf.nl,Benetton,Formule 1 Coureur,Formule 1 Coureur voor Benetton,!m4gc4gU,"OU=Benetton,DC=example,DC=com"
Olivier,Panis,panis231,Olivier Panis,panis231@bedrijf.nl,Ligier,Formule 1 Coureur,Formule 1 Coureur voor Ligier,g&WQ&2zG,"OU=Ligier,DC=example,DC=com"
Johnny,Herbert,herbe949,Johnny Herbert,herbe949@bedrijf.nl,Benetton,Formule 1 Coureur,Formule 1 Coureur voor Benetton,d7c38V#m,"OU=Benetton,DC=example,DC=com"
Fernando,Alonso,alons837,Fernando Alonso,alons837@bedrijf.nl,Renault,Tweevoudig Wereldkampioen,Formule 1 Coureur voor Renault,I#2PMtuR,"OU=Renault,DC=example,DC=com"
Kimi,Raikkonen,raikk276,Kimi Raikkonen,raikk276@bedrijf.nl,Ferrari,Formule 1 Wereldkampioen 2007,Formule 1 Coureur voor Ferrari,2PBk3#Ir,"OU=Ferrari,DC=example,DC=com"
Jenson,Button,butto668,Jenson Button,butto668@bedrijf.nl,Brawn GP,Formule 1 Wereldkampioen 2009,Formule 1 Coureur voor Brawn GP,qVN@DVi9,"OU=BrawnGP,DC=example,DC=com"
Felipe,Massa,massa338,Felipe Massa,massa338@bedrijf.nl,Ferrari,Formule 1 Coureur,Formule 1 Coureur voor Ferrari,Q2mH0#WX,"OU=Ferrari,DC=example,DC=com"
Robert,Kubica,kubic283,Robert Kubica,kubic283@bedrijf.nl,BMW Sauber,Formule 1 Coureur,Formule 1 Coureur voor BMW Sauber,XV@kp5s$,"OU=BMWSauber,DC=example,DC=com"
Mark,Webber,webbe465,Mark Webber,webbe465@bedrijf.nl,Red Bull Racing,Formule 1 Coureur,Formule 1 Coureur voor Red Bull Racing,xNQju3%I,"OU=RedBullRacing,DC=example,DC=com"
Jarno,Trulli,trull266,Jarno Trulli,trull266@bedrijf.nl,Renault,Formule 1 Coureur,Formule 1 Coureur voor Renault,X@Rr8&IB,"OU=Renault,DC=example,DC=com"
Giancarlo,Fisichella,fisic527,Giancarlo Fisichella,fisic527@bedrijf.nl,Renault,Formule 1 Coureur,Formule 1 Coureur voor Renault,bC0X&9BE,"OU=Renault,DC=example,DC=com"
Nick,Heidfeld,heidf458,Nick Heidfeld,heidf458@bedrijf.nl,BMW Sauber,Formule 1 Coureur,Formule 1 Coureur voor BMW Sauber,sv6E5fU$,"OU=BMWSauber,DC=example,DC=com"
Juan Pablo,Montoya,monto964,Juan Pablo Montoya,monto964@bedrijf.nl,Williams,Formule 1 Coureur,Formule 1 Coureur voor Williams,AOoL9&H4,"OU=Williams,DC=example,DC=com"
Ralf,Schumacher,schum152,Ralf Schumacher,schum152@bedrijf.nl,Williams,Formule 1 Coureur,Formule 1 Coureur voor Williams,7!i4nY9X,"OU=Williams,DC=example,DC=com"
Sebastian,Vettel,vette836,Sebastian Vettel,vette836@bedrijf.nl,Red Bull Racing,4-voudig Wereldkampioen,Formule 1 Coureur voor Red Bull Racing,3!KnzD2F,"OU=RedBullRacing,DC=example,DC=com"
Lewis,Hamilton,hamil847,Lewis Hamilton,hamil847@bedrijf.nl,Mercedes,7-voudig Wereldkampioen,Formule 1 Coureur voor Mercedes,Y2dbmjq!,"OU=Mercedes,DC=example,DC=com"
Nico,Rosberg,rosbe254,Nico Rosberg,rosbe254@bedrijf.nl,Mercedes,Formule 1 Wereldkampioen 2016,Formule 1 Coureur voor Mercedes,LvGk6FX$,"OU=Mercedes,DC=example,DC=com"
Daniel,Ricciardo,ricci156,Daniel Ricciardo,ricci156@bedrijf.nl,Red Bull Racing,Formule 1 Coureur,Formule 1 Coureur voor Red Bull Racing,N@uCB2kr,"OU=RedBullRacing,DC=example,DC=com"
Valtteri,Bottas,botta627,Valtteri Bottas,botta627@bedrijf.nl,Mercedes,Formule 1 Coureur,Formule 1 Coureur voor Mercedes,miNV$p9q,"OU=Mercedes,DC=example,DC=com"
Romain,Grosjean,grosj290,Romain Grosjean,grosj290@bedrijf.nl,Haas,Formule 1 Coureur,Formule 1 Coureur voor Haas,V5#pNoZL,"OU=Haas,DC=example,DC=com"
Sergio,Perez,perez915,Sergio Perez,perez915@bedrijf.nl,Red Bull Racing,Formule 1 Coureur,Formule 1 Coureur voor Red Bull Racing,0J%p#JV%,"OU=RedBullRacing,DC=example,DC=com"
Nico,Hulkenberg,hulke148,Nico Hulkenberg,hulke148@bedrijf.nl,Force India,Formule 1 Coureur,Formule 1 Coureur voor Force India,gDfz3!0o,"OU=ForceIndia,DC=example,DC=com"
Daniil,Kvyat,kvyat890,Daniil Kvyat,kvyat890@bedrijf.nl,Toro Rosso,Formule 1 Coureur,Formule 1 Coureur voor Toro Rosso,PbDh$8jn,"OU=ToroRosso,DC=example,DC=com"
Carlos,Sainz,sainz623,Carlos Sainz,sainz623@bedrijf.nl,Ferrari,Formule 1 Coureur,Formule 1 Coureur voor Ferrari,!iO4g40v,"OU=Ferrari,DC=example,DC=com"
Max,Verstappen,verst313,Max Verstappen,verst313@bedrijf.nl,Red Bull Racing,Meervoudig Wereldkampioen,Formule 1 Coureur voor Red Bull Racing,!!m$q7Ii,"OU=RedBullRacing,DC=example,DC=com"
Charles,Leclerc,lecle198,Charles Leclerc,lecle198@bedrijf.nl,Ferrari,Formule 1 Coureur,Formule 1 Coureur voor Ferrari,9&%aha5Z,"OU=Ferrari,DC=example,DC=com"
Lando,Norris,norri457,Lando Norris,norri457@bedrijf.nl,Mc Laren,Formule 1 Coureur,Formule 1 Coureur voor Mc Laren,@Q&RPjl5,"OU=McLaren,DC=example,DC=com"
George,Russell,russe606,George Russell,russe606@bedrijf.nl,Mercedes,Formule 1 Coureur,Formule 1 Coureur voor Mercedes,%R@2OPfn,"OU=Mercedes,DC=example,DC=com"
Pierre,Gasly,gasly200,Pierre Gasly,gasly200@bedrijf.nl,Alpine,Formule 1 Coureur,Formule 1 Coureur voor Alpine,x#7LYhjP,"OU=Alpine,DC=example,DC=com"
Esteban,Ocon,oconx988,Esteban Ocon,oconx988@bedrijf.nl,Alpine,Formule 1 Coureur,Formule 1 Coureur voor Alpine,$5kuTC$7,"OU=Alpine,DC=example,DC=com"
Alexander,Albon,albon269,Alexander Albon,albon269@bedrijf.nl,Williams,Formule 1 Coureur,Formule 1 Coureur voor Williams,l2ksP%0J,"OU=Williams,DC=example,DC=com"
Yuki,Tsunoda,tsuno314,Yuki Tsunoda,tsuno314@bedrijf.nl,RB,Formule 1 Coureur,Formule 1 Coureur voor RB,V93Rj!k5,"OU=RB,DC=example,DC=com"
Oscar,Piastri,piast569,Oscar Piastri,piast569@bedrijf.nl,Mc Laren,Formule 1 Coureur,Formule 1 Coureur voor Mc Laren,@6tvI1e&,"OU=McLaren,DC=example,DC=com"
Lance,Stroll,strol757,Lance Stroll,strol757@bedrijf.nl,Aston Martin,Formule 1 Coureur,Formule 1 Coureur voor Aston Martin,tQNq8wq$,"OU=AstonMartin,DC=example,DC=com"
Zhou,Guanyu,guany381,Zhou Guanyu,guany381@bedrijf.nl,Alfa Romeo,Formule 1 Coureur,Formule 1 Coureur voor Alfa Romeo,BI$suM8c,"OU=AlfaRomeo,DC=example,DC=com"
Nyck,de Vries,vries928,Nyck de Vries,vries928@bedrijf.nl,AlphaTauri,Formule 1 Coureur,Formule 1 Coureur voor AlphaTauri,1f2SY%Oq,"OU=AlphaTauri,DC=example,DC=com"
Liam,Lawson,lawso820,Liam Lawson,lawso820@bedrijf.nl,RB,Formule 1 Coureur,Formule 1 Coureur voor RB,BHO5py1!,"OU=RB,DC=example,DC=com"
Oliver,Bearman,bearm455,Oliver Bearman,bearm455@bedrijf.nl,Haas,Formule 1 Coureur,Formule 1 Coureur voor Haas,lmQar!4!,"OU=Haas,DC=example,DC=com"
Andrea Kimi,Antonelli,anton828,Andrea Kimi Antonelli,anton828@bedrijf.nl,Mercedes,Formule 1 Coureur,Formule 1 Coureur voor Mercedes,5%181hCK,"OU=Mercedes,DC=example,DC=com"
Franco,Colapinto,colap272,Franco Colapinto,colap272@bedrijf.nl,Williams,Formule 1 Coureur,Formule 1 Coureur voor Williams,RbOS64B%,"OU=Williams,DC=example,DC=com"
Virgil,van Dijk,dijkx142,Virgil van Dijk,dijkx142@bedrijf.nl,Nederland,WK 2026 Speler - Aanvoerder & Verdediger,Voetballer voor Nederland op het WK 2026,3!c5CVDn,"OU=Nederland,DC=example,DC=com"
Frenkie,de Jong,jongx132,Frenkie de Jong,jongx132@bedrijf.nl,Nederland,WK 2026 Speler - Middenvelder,Voetballer voor Nederland op het WK 2026,iJ%wUw4$,"OU=Nederland,DC=example,DC=com"
Cody,Gakpo,gakpo743,Cody Gakpo,gakpo743@bedrijf.nl,Nederland,WK 2026 Speler - Aanvaller,Voetballer voor Nederland op het WK 2026,$z07KTJ&,"OU=Nederland,DC=example,DC=com"
Memphis,Depay,depay159,Memphis Depay,depay159@bedrijf.nl,Nederland,WK 2026 Speler - Aanvaller,Voetballer voor Nederland op het WK 2026,&1XvBR3$,"OU=Nederland,DC=example,DC=com"
Nathan,Aké,akéxx883,Nathan Aké,akéxx883@bedrijf.nl,Nederland,WK 2026 Speler - Verdediger,Voetballer voor Nederland op het WK 2026,&M1ED$Er,"OU=Nederland,DC=example,DC=com"
Bart,Verbruggen,verbr625,Bart Verbruggen,verbr625@bedrijf.nl,Nederland,WK 2026 Speler - Doelman,Voetballer voor Nederland op het WK 2026,hnaWje8@,"OU=Nederland,DC=example,DC=com"
Tijjani,Reijnders,reijn928,Tijjani Reijnders,reijn928@bedrijf.nl,Nederland,WK 2026 Speler - Middenvelder,Voetballer voor Nederland op het WK 2026,&9EoYAXt,"OU=Nederland,DC=example,DC=com"
Xavi,Simons,simon316,Xavi Simons,simon316@bedrijf.nl,Nederland,WK 2026 Speler - Middenvelder,Voetballer voor Nederland op het WK 2026,12H09p5!,"OU=Nederland,DC=example,DC=com"
Lionel,Messi,messi946,Lionel Messi,messi946@bedrijf.nl,Argentinië,WK 2026 Speler - Aanvoerder & Aanvaller,Voetballer voor Argentinië op het WK 2026,8h1ecD%!,"OU=Argentinie,DC=example,DC=com"
Julian,Alvarez,alvar768,Julian Alvarez,alvar768@bedrijf.nl,Argentinië,WK 2026 Speler - Aanvaller,Voetballer voor Argentinië op het WK 2026,EN4XUf%Z,"OU=Argentinie,DC=example,DC=com"
Lautaro,Martinez,marti375,Lautaro Martinez,marti375@bedrijf.nl,Argentinië,WK 2026 Speler - Aanvaller,Voetballer voor Argentinië op het WK 2026,O7LvP$Gq,"OU=Argentinie,DC=example,DC=com"
Alexis,Mac Allister,allis928,Alexis Mac Allister,allis928@bedrijf.nl,Argentinië,WK 2026 Speler - Middenvelder,Voetballer voor Argentinië op het WK 2026,#60fb!WK,"OU=Argentinie,DC=example,DC=com"
Enzo,Fernandez,ferna964,Enzo Fernandez,ferna964@bedrijf.nl,Argentinië,WK 2026 Speler - Middenvelder,Voetballer voor Argentinië op het WK 2026,Bxf$W!G6,"OU=Argentinie,DC=example,DC=com"
Emiliano,Martinez,marti945,Emiliano Martinez,marti945@bedrijf.nl,Argentinië,WK 2026 Speler - Doelman,Voetballer voor Argentinië op het WK 2026,j%61$HKJ,"OU=Argentinie,DC=example,DC=com"
Rodrigo,De Paul,paulx650,Rodrigo De Paul,paulx650@bedrijf.nl,Argentinië,WK 2026 Speler - Middenvelder,Voetballer voor Argentinië op het WK 2026,y5U5XJz!,"OU=Argentinie,DC=example,DC=com"
Kylian,Mbappé,mbapp930,Kylian Mbappé,mbapp930@bedrijf.nl,Frankrijk,WK 2026 Speler - Aanvoerder & Aanvaller,Voetballer voor Frankrijk op het WK 2026,p!wg2S2P,"OU=Frankrijk,DC=example,DC=com"
Antoine,Griezmann,griez172,Antoine Griezmann,griez172@bedrijf.nl,Frankrijk,WK 2026 Speler - Aanvaller,Voetballer voor Frankrijk op het WK 2026,#xPU5NEJ,"OU=Frankrijk,DC=example,DC=com"
Aurelien,Tchouameni,tchou688,Aurelien Tchouameni,tchou688@bedrijf.nl,Frankrijk,WK 2026 Speler - Middenvelder,Voetballer voor Frankrijk op het WK 2026,WLHcy!4h,"OU=Frankrijk,DC=example,DC=com"
Eduardo,Camavinga,camav396,Eduardo Camavinga,camav396@bedrijf.nl,Frankrijk,WK 2026 Speler - Middenvelder,Voetballer voor Frankrijk op het WK 2026,KHx$uB5Z,"OU=Frankrijk,DC=example,DC=com"
William,Saliba,salib139,William Saliba,salib139@bedrijf.nl,Frankrijk,WK 2026 Speler - Verdediger,Voetballer voor Frankrijk op het WK 2026,Kh@frx6h,"OU=Frankrijk,DC=example,DC=com"
Mike,Maignan,maign527,Mike Maignan,maign527@bedrijf.nl,Frankrijk,WK 2026 Speler - Doelman,Voetballer voor Frankrijk op het WK 2026,1c#BDueB,"OU=Frankrijk,DC=example,DC=com"
Ousmane,Dembélé,dembé783,Ousmane Dembélé,dembé783@bedrijf.nl,Frankrijk,WK 2026 Speler - Aanvaller,Voetballer voor Frankrijk op het WK 2026,RAxG8#8N,"OU=Frankrijk,DC=example,DC=com"
Harry,Kane,kanex317,Harry Kane,kanex317@bedrijf.nl,Engeland,WK 2026 Speler - Aanvoerder & Aanvaller,Voetballer voor Engeland op het WK 2026,eMDeVM5!,"OU=Engeland,DC=example,DC=com"
Jude,Bellingham,belli435,Jude Bellingham,belli435@bedrijf.nl,Engeland,WK 2026 Speler - Middenvelder,Voetballer voor Engeland op het WK 2026,k$9EbEX3,"OU=Engeland,DC=example,DC=com"
Phil,Foden,foden201,Phil Foden,foden201@bedrijf.nl,Engeland,WK 2026 Speler - Aanvaller,Voetballer voor Engeland op het WK 2026,$QxJBg4m,"OU=Engeland,DC=example,DC=com"
Bukayo,Saka,sakax760,Bukayo Saka,sakax760@bedrijf.nl,Engeland,WK 2026 Speler - Aanvaller,Voetballer voor Engeland op het WK 2026,E#9w#dn@,"OU=Engeland,DC=example,DC=com"
Declan,Rice,ricex258,Declan Rice,ricex258@bedrijf.nl,Engeland,WK 2026 Speler - Middenvelder,Voetballer voor Engeland op het WK 2026,&z0atYfO,"OU=Engeland,DC=example,DC=com"
Jordan,Pickford,pickf843,Jordan Pickford,pickf843@bedrijf.nl,Engeland,WK 2026 Speler - Doelman,Voetballer voor Engeland op het WK 2026,I01k$YsN,"OU=Engeland,DC=example,DC=com"
Cole,Palmer,palme728,Cole Palmer,palme728@bedrijf.nl,Engeland,WK 2026 Speler - Middenvelder,Voetballer voor Engeland op het WK 2026,Mn63u&N0,"OU=Engeland,DC=example,DC=com"
Vinicius,Junior,junio284,Vinicius Junior,junio284@bedrijf.nl,Brazilië,WK 2026 Speler - Aanvaller,Voetballer voor Brazilië op het WK 2026,Oq%1dMbp,"OU=Brazilie,DC=example,DC=com"
Rodrygo,Goes,goesx680,Rodrygo Goes,goesx680@bedrijf.nl,Brazilië,WK 2026 Speler - Aanvaller,Voetballer voor Brazilië op het WK 2026,97!rFN6C,"OU=Brazilie,DC=example,DC=com"
Endrick,Felipe,felip885,Endrick Felipe,felip885@bedrijf.nl,Brazilië,WK 2026 Speler - Aanvaller,Voetballer voor Brazilië op het WK 2026,hm!S24q9,"OU=Brazilie,DC=example,DC=com"
Bruno,Guimaraes,guima174,Bruno Guimaraes,guima174@bedrijf.nl,Brazilië,WK 2026 Speler - Middenvelder,Voetballer voor Brazilië op het WK 2026,bHMkQ9!U,"OU=Brazilie,DC=example,DC=com"
Lucas,Paqueta,paque851,Lucas Paqueta,paque851@bedrijf.nl,Brazilië,WK 2026 Speler - Middenvelder,Voetballer voor Brazilië op het WK 2026,#Xm#6XRR,"OU=Brazilie,DC=example,DC=com"
Marquinhos,Aoas,aoasx668,Marquinhos Aoas,aoasx668@bedrijf.nl,Brazilië,WK 2026 Speler - Verdediger,Voetballer voor Brazilië op het WK 2026,%jXrLA13,"OU=Brazilie,DC=example,DC=com"
Alisson,Becker,becke578,Alisson Becker,becke578@bedrijf.nl,Brazilië,WK 2026 Speler - Doelman,Voetballer voor Brazilië op het WK 2026,5ZpzY!cA,"OU=Brazilie,DC=example,DC=com"
Jamal,Musiala,musia915,Jamal Musiala,musia915@bedrijf.nl,Duitsland,WK 2026 Speler - Middenvelder,Voetballer voor Duitsland op het WK 2026,MaV@2IBk,"OU=Duitsland,DC=example,DC=com"
Florian,Wirtz,wirtz204,Florian Wirtz,wirtz204@bedrijf.nl,Duitsland,WK 2026 Speler - Middenvelder,Voetballer voor Duitsland op het WK 2026,0&&@a%Mf,"OU=Duitsland,DC=example,DC=com"
Kai,Havertz,haver464,Kai Havertz,haver464@bedrijf.nl,Duitsland,WK 2026 Speler - Aanvaller,Voetballer voor Duitsland op het WK 2026,FR%p8gcD,"OU=Duitsland,DC=example,DC=com"
Joshua,Kimmich,kimmi189,Joshua Kimmich,kimmi189@bedrijf.nl,Duitsland,WK 2026 Speler - Aanvoerder & Middenvelder,Voetballer voor Duitsland op het WK 2026,sNR&U9H$,"OU=Duitsland,DC=example,DC=com"
Antonio,Rüdiger,rüdig299,Antonio Rüdiger,rüdig299@bedrijf.nl,Duitsland,WK 2026 Speler - Verdediger,Voetballer voor Duitsland op het WK 2026,1!OaVk#j,"OU=Duitsland,DC=example,DC=com"
Marc-André,ter Stegen,stege567,Marc-André ter Stegen,stege567@bedrijf.nl,Duitsland,WK 2026 Speler - Doelman,Voetballer voor Duitsland op het WK 2026,luN9iq#F,"OU=Duitsland,DC=example,DC=com"
Lamine,Yamal,yamal776,Lamine Yamal,yamal776@bedrijf.nl,Spanje,WK 2026 Speler - Aanvaller,Voetballer voor Spanje op het WK 2026,C4O&TAfW,"OU=Spanje,DC=example,DC=com"
Rodri,Hernandez,herna617,Rodri Hernandez,herna617@bedrijf.nl,Spanje,WK 2026 Speler - Middenvelder,Voetballer voor Spanje op het WK 2026,R#Mu2AiQ,"OU=Spanje,DC=example,DC=com"
Pedri,Gonzalez,gonza787,Pedri Gonzalez,gonza787@bedrijf.nl,Spanje,WK 2026 Speler - Middenvelder,Voetballer voor Spanje op het WK 2026,FT3CCg!@,"OU=Spanje,DC=example,DC=com"
Gavi,Paez,paezx244,Gavi Paez,paezx244@bedrijf.nl,Spanje,WK 2026 Speler - Middenvelder,Voetballer voor Spanje op het WK 2026,JHlU94d@,"OU=Spanje,DC=example,DC=com"
Nico,Williams,willi835,Nico Williams,willi835@bedrijf.nl,Spanje,WK 2026 Speler - Aanvaller,Voetballer voor Spanje op het WK 2026,4R4b@8VV,"OU=Spanje,DC=example,DC=com"
Unai,Simón,simón878,Unai Simón,simón878@bedrijf.nl,Spanje,WK 2026 Speler - Doelman,Voetballer voor Spanje op het WK 2026,8PZzR%AI,"OU=Spanje,DC=example,DC=com"
Dani,Carvajal,carva992,Dani Carvajal,carva992@bedrijf.nl,Spanje,WK 2026 Speler - Verdediger,Voetballer voor Spanje op het WK 2026,3d&yA7jJ,"OU=Spanje,DC=example,DC=com"
Cristiano,Ronaldo,ronal702,Cristiano Ronaldo,ronal702@bedrijf.nl,Portugal,WK 2026 Speler - Aanvoerder & Aanvaller,Voetballer voor Portugal op het WK 2026,HHWF#b0s,"OU=Portugal,DC=example,DC=com"
Bruno,Fernandes,ferna477,Bruno Fernandes,ferna477@bedrijf.nl,Portugal,WK 2026 Speler - Middenvelder,Voetballer voor Portugal op het WK 2026,7xl!Sbo@,"OU=Portugal,DC=example,DC=com"
Bernardo,Silva,silva578,Bernardo Silva,silva578@bedrijf.nl,Portugal,WK 2026 Speler - Middenvelder,Voetballer voor Portugal op het WK 2026,u5%bEET4,"OU=Portugal,DC=example,DC=com"
Rafael,Leão,leãox291,Rafael Leão,leãox291@bedrijf.nl,Portugal,WK 2026 Speler - Aanvaller,Voetballer voor Portugal op het WK 2026,#pe91XYM,"OU=Portugal,DC=example,DC=com"
Rúben,Dias,diasx877,Rúben Dias,diasx877@bedrijf.nl,Portugal,WK 2026 Speler - Verdediger,Voetballer voor Portugal op het WK 2026,i#B3RKm6,"OU=Portugal,DC=example,DC=com"
Diogo,Costa,costa353,Diogo Costa,costa353@bedrijf.nl,Portugal,WK 2026 Speler - Doelman,Voetballer voor Portugal op het WK 2026,eUI$R%2N,"OU=Portugal,DC=example,DC=com"
Kevin,De Bruyne,bruyn863,Kevin De Bruyne,bruyn863@bedrijf.nl,België,WK 2026 Speler - Aanvoerder & Middenvelder,Voetballer voor België op het WK 2026,i558!3aB,"OU=Belgie,DC=example,DC=com"
Romelu,Lukaku,lukak585,Romelu Lukaku,lukak585@bedrijf.nl,België,WK 2026 Speler - Aanvaller,Voetballer voor België op het WK 2026,Gy!Ed0DF,"OU=Belgie,DC=example,DC=com"
Jeremy,Doku,dokux737,Jeremy Doku,dokux737@bedrijf.nl,België,WK 2026 Speler - Aanvaller,Voetballer voor België op het WK 2026,d$Dj1P7f,"OU=Belgie,DC=example,DC=com"
Amadou,Onana,onana906,Amadou Onana,onana906@bedrijf.nl,België,WK 2026 Speler - Middenvelder,Voetballer voor België op het WK 2026,wbN!NAz7,"OU=Belgie,DC=example,DC=com"
Koen,Casteels,caste778,Koen Casteels,caste778@bedrijf.nl,België,WK 2026 Speler - Doelman,Voetballer voor België op het WK 2026,N%km6IiZ,"OU=Belgie,DC=example,DC=com"
Christian,Pulisic,pulis601,Christian Pulisic,pulis601@bedrijf.nl,Verenigde Staten,WK 2026 Speler - Aanvoerder & Aanvaller,Voetballer voor Verenigde Staten op het WK 2026,a@cN1Xkg,"OU=VerenigdeStaten,DC=example,DC=com"
Weston,McKennie,mcken588,Weston McKennie,mcken588@bedrijf.nl,Verenigde Staten,WK 2026 Speler - Middenvelder,Voetballer voor Verenigde Staten op het WK 2026,dM5AxA@A,"OU=VerenigdeStaten,DC=example,DC=com"
Tyler,Adams,adams742,Tyler Adams,adams742@bedrijf.nl,Verenigde Staten,WK 2026 Speler - Middenvelder,Voetballer voor Verenigde Staten op het WK 2026,@mU3V7ew,"OU=VerenigdeStaten,DC=example,DC=com"
Giovanni,Reyna,reyna310,Giovanni Reyna,reyna310@bedrijf.nl,Verenigde Staten,WK 2026 Speler - Aanvaller,Voetballer voor Verenigde Staten op het WK 2026,#1I2oXLr,"OU=VerenigdeStaten,DC=example,DC=com"
Matt,Turner,turne196,Matt Turner,turne196@bedrijf.nl,Verenigde Staten,WK 2026 Speler - Doelman,Voetballer voor Verenigde Staten op het WK 2026,saS2kw&2,"OU=VerenigdeStaten,DC=example,DC=com"
Edson,Álvarez,álvar332,Edson Álvarez,álvar332@bedrijf.nl,Mexico,WK 2026 Speler - Aanvoerder & Middenvelder,Voetballer voor Mexico op het WK 2026,8v&ZSt8H,"OU=Mexico,DC=example,DC=com"
Santiago,Giménez,gimén238,Santiago Giménez,gimén238@bedrijf.nl,Mexico,WK 2026 Speler - Aanvaller,Voetballer voor Mexico op het WK 2026,nCN&2rzu,"OU=Mexico,DC=example,DC=com"
Hirving,Lozano,lozan267,Hirving Lozano,lozan267@bedrijf.nl,Mexico,WK 2026 Speler - Aanvaller,Voetballer voor Mexico op het WK 2026,%8zxjU#6,"OU=Mexico,DC=example,DC=com"
Guillermo,Ochoa,ochoa949,Guillermo Ochoa,ochoa949@bedrijf.nl,Mexico,WK 2026 Speler - Doelman,Voetballer voor Mexico op het WK 2026,77AAeN#u,"OU=Mexico,DC=example,DC=com"
Alphonso,Davies,davie322,Alphonso Davies,davie322@bedrijf.nl,Canada,WK 2026 Speler - Aanvoerder & Verdediger,Voetballer voor Canada op het WK 2026,&njfTq6D,"OU=Canada,DC=example,DC=com"
Jonathan,David,david743,Jonathan David,david743@bedrijf.nl,Canada,WK 2026 Speler - Aanvaller,Voetballer voor Canada op het WK 2026,6%DoA35v,"OU=Canada,DC=example,DC=com"
Tajon,Buchanan,bucha887,Tajon Buchanan,bucha887@bedrijf.nl,Canada,WK 2026 Speler - Middenvelder,Voetballer voor Canada op het WK 2026,&m!2HFOY,"OU=Canada,DC=example,DC=com"
Kaoru,Mitoma,mitom415,Kaoru Mitoma,mitom415@bedrijf.nl,Japan,WK 2026 Speler - Aanvaller,Voetballer voor Japan op het WK 2026,mnYCMv&9,"OU=Japan,DC=example,DC=com"
Takefusa,Kubo,kubox136,Takefusa Kubo,kubox136@bedrijf.nl,Japan,WK 2026 Speler - Aanvaller,Voetballer voor Japan op het WK 2026,IQV0l&jx,"OU=Japan,DC=example,DC=com"
Wataru,Endo,endox514,Wataru Endo,endox514@bedrijf.nl,Japan,WK 2026 Speler - Middenvelder,Voetballer voor Japan op het WK 2026,6w8J#57y,"OU=Japan,DC=example,DC=com"
Achraf,Hakimi,hakim267,Achraf Hakimi,hakim267@bedrijf.nl,Marokko,WK 2026 Speler - Verdediger,Voetballer voor Marokko op het WK 2026,By%PI4MG,"OU=Marokko,DC=example,DC=com"
Youssef,En-Nesyri,ennes956,Youssef En-Nesyri,ennes956@bedrijf.nl,Marokko,WK 2026 Speler - Aanvaller,Voetballer voor Marokko op het WK 2026,#CKK4%yr,"OU=Marokko,DC=example,DC=com"
Hakim,Ziyech,ziyec661,Hakim Ziyech,ziyec661@bedrijf.nl,Marokko,WK 2026 Speler - Middenvelder,Voetballer voor Marokko op het WK 2026,3Js&LLfU,"OU=Marokko,DC=example,DC=com"
Yassine,Bounou,bouno923,Yassine Bounou,bouno923@bedrijf.nl,Marokko,WK 2026 Speler - Doelman,Voetballer voor Marokko op het WK 2026,qijVP#g9,"OU=Marokko,DC=example,DC=com"
Vivianne,Miedema,miede217,Vivianne Miedema,miede217@bedrijf.nl,Nederland,International Speler - Aanvaller,Vrouwelijk international voor Nederland,u94CJHY%,"OU=Nederland,DC=example,DC=com"
Lieke,Martens,marte847,Lieke Martens,marte847@bedrijf.nl,Nederland,International Speler - Aanvaller,Vrouwelijk international voor Nederland,@1@930bY,"OU=Nederland,DC=example,DC=com"
Jill,Roord,roord359,Jill Roord,roord359@bedrijf.nl,Nederland,International Speler - Middenvelder,Vrouwelijk international voor Nederland,E2ew6&@b,"OU=Nederland,DC=example,DC=com"
Jackie,Groenen,groen500,Jackie Groenen,groen500@bedrijf.nl,Nederland,International Speler - Middenvelder,Vrouwelijk international voor Nederland,9xZn#lpX,"OU=Nederland,DC=example,DC=com"
Daphne,van Domselaar,domse332,Daphne van Domselaar,domse332@bedrijf.nl,Nederland,International Speler - Doelman,Vrouwelijk international voor Nederland,nl3@0eA0,"OU=Nederland,DC=example,DC=com"
Dominique,Janssen,janss242,Dominique Janssen,janss242@bedrijf.nl,Nederland,International Speler - Verdediger,Vrouwelijk international voor Nederland,i!MLy4Gp,"OU=Nederland,DC=example,DC=com"
Lineth,Beerensteyn,beere380,Lineth Beerensteyn,beere380@bedrijf.nl,Nederland,International Speler - Aanvaller,Vrouwelijk international voor Nederland,Q%5hrB2e,"OU=Nederland,DC=example,DC=com"
Esmee,Brugts,brugt757,Esmee Brugts,brugt757@bedrijf.nl,Nederland,International Speler - Aanvaller,Vrouwelijk international voor Nederland,4rWa@Tfj,"OU=Nederland,DC=example,DC=com"
Aitana,Bonmatí,bonma178,Aitana Bonmatí,bonma178@bedrijf.nl,Spanje,International Speler - Middenvelder,Vrouwelijk international voor Spanje,m73H$Tdx,"OU=Spanje,DC=example,DC=com"
Alexia,Putellas,putel647,Alexia Putellas,putel647@bedrijf.nl,Spanje,International Speler - Middenvelder,Vrouwelijk international voor Spanje,ZM&7Qobo,"OU=Spanje,DC=example,DC=com"
Salma,Paralluelo,paral768,Salma Paralluelo,paral768@bedrijf.nl,Spanje,International Speler - Aanvaller,Vrouwelijk international voor Spanje,%fhf78DC,"OU=Spanje,DC=example,DC=com"
Jenni,Hermoso,hermo893,Jenni Hermoso,hermo893@bedrijf.nl,Spanje,International Speler - Aanvaller,Vrouwelijk international voor Spanje,8$Q#cfSt,"OU=Spanje,DC=example,DC=com"
Ona,Batlle,batll797,Ona Batlle,batll797@bedrijf.nl,Spanje,International Speler - Verdediger,Vrouwelijk international voor Spanje,F0&WNgOS,"OU=Spanje,DC=example,DC=com"
Irene,Paredes,pared838,Irene Paredes,pared838@bedrijf.nl,Spanje,International Speler - Verdediger,Vrouwelijk international voor Spanje,p&bu&Xj4,"OU=Spanje,DC=example,DC=com"
Cata,Coll,collx871,Cata Coll,collx871@bedrijf.nl,Spanje,International Speler - Doelman,Vrouwelijk international voor Spanje,268WAcz@,"OU=Spanje,DC=example,DC=com"
Sophia,Smith,smith533,Sophia Smith,smith533@bedrijf.nl,Verenigde Staten,International Speler - Aanvaller,Vrouwelijk international voor Verenigde Staten,W5ls@hc#,"OU=VerenigdeStaten,DC=example,DC=com"
Trinity,Rodman,rodma536,Trinity Rodman,rodma536@bedrijf.nl,Verenigde Staten,International Speler - Aanvaller,Vrouwelijk international voor Verenigde Staten,oy&1Fpwp,"OU=VerenigdeStaten,DC=example,DC=com"
Lindsey,Horan,horan792,Lindsey Horan,horan792@bedrijf.nl,Verenigde Staten,International Speler - Middenvelder,Vrouwelijk international voor Verenigde Staten,A@6#Wzf&,"OU=VerenigdeStaten,DC=example,DC=com"
Rose,Lavelle,lavel954,Rose Lavelle,lavel954@bedrijf.nl,Verenigde Staten,International Speler - Middenvelder,Vrouwelijk international voor Verenigde Staten,A&DV0vn5,"OU=VerenigdeStaten,DC=example,DC=com"
Naomi,Girma,girma832,Naomi Girma,girma832@bedrijf.nl,Verenigde Staten,International Speler - Verdediger,Vrouwelijk international voor Verenigde Staten,zz4JKN$d,"OU=VerenigdeStaten,DC=example,DC=com"
Alyssa,Naeher,naehe526,Alyssa Naeher,naehe526@bedrijf.nl,Verenigde Staten,International Speler - Doelman,Vrouwelijk international voor Verenigde Staten,#VWcH9Lz,"OU=VerenigdeStaten,DC=example,DC=com"
Mallory,Swanson,swans951,Mallory Swanson,swans951@bedrijf.nl,Verenigde Staten,International Speler - Aanvaller,Vrouwelijk international voor Verenigde Staten,!keJqZ4R,"OU=VerenigdeStaten,DC=example,DC=com"
Keira,Walsh,walsh292,Keira Walsh,walsh292@bedrijf.nl,Engeland,International Speler - Middenvelder,Vrouwelijk international voor Engeland,Aa7%2%Q6,"OU=Engeland,DC=example,DC=com"
Lucy,Bronze,bronz343,Lucy Bronze,bronz343@bedrijf.nl,Engeland,International Speler - Verdediger,Vrouwelijk international voor Engeland,&1pQ2489,"OU=Engeland,DC=example,DC=com"
Mary,Earps,earps295,Mary Earps,earps295@bedrijf.nl,Engeland,International Speler - Doelman,Vrouwelijk international voor Engeland,p2ierO%s,"OU=Engeland,DC=example,DC=com"
Georgia,Stanway,stanw275,Georgia Stanway,stanw275@bedrijf.nl,Engeland,International Speler - Middenvelder,Vrouwelijk international voor Engeland,jl%8Vf!w,"OU=Engeland,DC=example,DC=com"
Lauren,Hemp,hempx401,Lauren Hemp,hempx401@bedrijf.nl,Engeland,International Speler - Aanvaller,Vrouwelijk international voor Engeland,8uPjF5@d,"OU=Engeland,DC=example,DC=com"
Lauren,James,james714,Lauren James,james714@bedrijf.nl,Engeland,International Speler - Aanvaller,Vrouwelijk international voor Engeland,loi&jL9U,"OU=Engeland,DC=example,DC=com"
Alessia,Russo,russo175,Alessia Russo,russo175@bedrijf.nl,Engeland,International Speler - Aanvaller,Vrouwelijk international voor Engeland,t8qf$CQO,"OU=Engeland,DC=example,DC=com"
Sam,Kerr,kerrx898,Sam Kerr,kerrx898@bedrijf.nl,Australië,International Speler - Aanvaller,Vrouwelijk international voor Australië,PRXj$002,"OU=Australie,DC=example,DC=com"
Caitlin,Foord,foord970,Caitlin Foord,foord970@bedrijf.nl,Australië,International Speler - Aanvaller,Vrouwelijk international voor Australië,!3dodPrl,"OU=Australie,DC=example,DC=com"
Steph,Catley,catle203,Steph Catley,catle203@bedrijf.nl,Australië,International Speler - Verdediger,Vrouwelijk international voor Australië,4XxlflD@,"OU=Australie,DC=example,DC=com"
Mackenzie,Arnold,arnol347,Mackenzie Arnold,arnol347@bedrijf.nl,Australië,International Speler - Doelman,Vrouwelijk international voor Australië,%yiV%0tI,"OU=Australie,DC=example,DC=com"
Kadidiatou,Diani,diani874,Kadidiatou Diani,diani874@bedrijf.nl,Frankrijk,International Speler - Aanvaller,Vrouwelijk international voor Frankrijk,9&eVypC2,"OU=Frankrijk,DC=example,DC=com"
Wendie,Renard,renar753,Wendie Renard,renar753@bedrijf.nl,Frankrijk,International Speler - Verdediger,Vrouwelijk international voor Frankrijk,XZ4ETs5$,"OU=Frankrijk,DC=example,DC=com"
Grace,Geyoro,geyor559,Grace Geyoro,geyor559@bedrijf.nl,Frankrijk,International Speler - Middenvelder,Vrouwelijk international voor Frankrijk,FRi&BG@3,"OU=Frankrijk,DC=example,DC=com"
Marie-Antoinette,Katoto,katot232,Marie-Antoinette Katoto,katot232@bedrijf.nl,Frankrijk,International Speler - Aanvaller,Vrouwelijk international voor Frankrijk,BX#Tsu8Z,"OU=Frankrijk,DC=example,DC=com"
Alexandra,Popp,poppx760,Alexandra Popp,poppx760@bedrijf.nl,Duitsland,International Speler - Aanvaller,Vrouwelijk international voor Duitsland,a0o$czVb,"OU=Duitsland,DC=example,DC=com"
Lena,Oberdorf,oberd259,Lena Oberdorf,oberd259@bedrijf.nl,Duitsland,International Speler - Middenvelder,Vrouwelijk international voor Duitsland,y5SP%V8#,"OU=Duitsland,DC=example,DC=com"
Giulia,Gwinn,gwinn160,Giulia Gwinn,gwinn160@bedrijf.nl,Duitsland,International Speler - Verdediger,Vrouwelijk international voor Duitsland,yhld0$Ws,"OU=Duitsland,DC=example,DC=com"
Merle,Frohms,frohm100,Merle Frohms,frohm100@bedrijf.nl,Duitsland,International Speler - Doelman,Vrouwelijk international voor Duitsland,4C#AjBGM,"OU=Duitsland,DC=example,DC=com"
Marta,Vieira da Silva,silva634,Marta Vieira da Silva,silva634@bedrijf.nl,Brazilië,International Speler - Aanvaller,Vrouwelijk international voor Brazilië,L2nQz$gA,"OU=Brazilie,DC=example,DC=com"
Debinha,Miri,mirix730,Debinha Miri,mirix730@bedrijf.nl,Brazilië,International Speler - Aanvaller,Vrouwelijk international voor Brazilië,paRuwg3@,"OU=Brazilie,DC=example,DC=com"
Tamires,Dias,diasx737,Tamires Dias,diasx737@bedrijf.nl,Brazilië,International Speler - Verdediger,Vrouwelijk international voor Brazilië,M3GxaY#o,"OU=Brazilie,DC=example,DC=com"
Ada,Hegerberg,heger964,Ada Hegerberg,heger964@bedrijf.nl,Noorwegen,International Speler - Aanvaller,Vrouwelijk international voor Noorwegen,u6%QeoUq,"OU=Noorwegen,DC=example,DC=com"
Caroline,Graham Hansen,hanse158,Caroline Graham Hansen,hanse158@bedrijf.nl,Noorwegen,International Speler - Aanvaller,Vrouwelijk international voor Noorwegen,l6$rVIDN,"OU=Noorwegen,DC=example,DC=com"
Fridolina,Rolfö,rolfö964,Fridolina Rolfö,rolfö964@bedrijf.nl,Zweden,International Speler - Aanvaller,Vrouwelijk international voor Zweden,zh4#Owp9,"OU=Zweden,DC=example,DC=com"
Stina,Blackstenius,black944,Stina Blackstenius,black944@bedrijf.nl,Zweden,International Speler - Aanvaller,Vrouwelijk international voor Zweden,eB%V1ibM,"OU=Zweden,DC=example,DC=com"
Linda,Caicedo,caice862,Linda Caicedo,caice862@bedrijf.nl,Colombia,International Speler - Aanvaller,Vrouwelijk international voor Colombia,Mb@D9tOA,"OU=Colombia,DC=example,DC=com"
Barbra,Banda,banda645,Barbra Banda,banda645@bedrijf.nl,Zambia,International Speler - Aanvaller,Vrouwelijk international voor Zambia,7m1@XX82,"OU=Zambia,DC=example,DC=com"
Yui,Hasegawa,haseg403,Yui Hasegawa,haseg403@bedrijf.nl,Japan,International Speler - Middenvelder,Vrouwelijk international voor Japan,Mm3ezp@g,"OU=Japan,DC=example,DC=com"
Hinata,Miyazawa,miyaz948,Hinata Miyazawa,miyaz948@bedrijf.nl,Japan,International Speler - Aanvaller,Vrouwelijk international voor Japan,YKE0$p1o,"OU=Japan,DC=example,DC=com"
