Voornaam,Achternaam,Gebruikersnaam,DisplayName,UserPrincipalName,Department,Title,Description,Wachtwoord,VerzamelOU,GebruikersOU
Phil,Mitchell,mitch011,Phil Mitchell,mitch011@homelab.net,EastEnders,Monteur,Personage uit EastEnders,g42sK&Y@,"VerzamelOU=TVSeries,GebruikersOU=EastEnders,DC=homelab,DC=net"
Grant,Mitchell,mitch948,Grant Mitchell,mitch948@homelab.net,EastEnders,Beveiliging,Personage uit EastEnders,O$8!r9dT,"VerzamelOU=TVSeries,GebruikersOU=EastEnders,DC=homelab,DC=net"
Peggy,Mitchell,mitch422,Peggy Mitchell,mitch422@homelab.net,EastEnders,Horecaondernemer,Personage uit EastEnders,KMyd&94$,"VerzamelOU=TVSeries,GebruikersOU=EastEnders,DC=homelab,DC=net"
Ian,Beale,beale225,Ian Beale,beale225@homelab.net,EastEnders,Restauranthouder,Personage uit EastEnders,0T&i8&Dw,"VerzamelOU=TVSeries,GebruikersOU=EastEnders,DC=homelab,DC=net"
Stacey,Slater,slate650,Stacey Slater,slate650@homelab.net,EastEnders,Markthandelaar,Personage uit EastEnders,17yF!C!m,"VerzamelOU=TVSeries,GebruikersOU=EastEnders,DC=homelab,DC=net"
Kat,Slater,slate717,Kat Slater,slate717@homelab.net,EastEnders,Markthandelaar,Personage uit EastEnders,J5q$&dC5,"VerzamelOU=TVSeries,GebruikersOU=EastEnders,DC=homelab,DC=net"
Alfie,Moon,moon621,Alfie Moon,moon621@homelab.net,EastEnders,Pubhouder,Personage uit EastEnders,ZeSd&50!,"VerzamelOU=TVSeries,GebruikersOU=EastEnders,DC=homelab,DC=net"
Max,Branning,brann668,Max Branning,brann668@homelab.net,EastEnders,Autoverkoper,Personage uit EastEnders,5BZ#c2t!,"VerzamelOU=TVSeries,GebruikersOU=EastEnders,DC=homelab,DC=net"
Syed,Masood,masoo702,Syed Masood,masoo702@homelab.net,EastEnders,Ondernemer,Personage uit EastEnders,6N@8B$aw,"VerzamelOU=TVSeries,GebruikersOU=EastEnders,DC=homelab,DC=net"
Denise,Fox,fox971,Denise Fox,fox971@homelab.net,EastEnders,Schoonheidsspecialiste,Personage uit EastEnders,&R9@d3Fb,"VerzamelOU=TVSeries,GebruikersOU=EastEnders,DC=homelab,DC=net"
Sharon,Watts,watts568,Sharon Watts,watts568@homelab.net,EastEnders,Pubhouder,Personage uit EastEnders,8i9E$!Ws,"VerzamelOU=TVSeries,GebruikersOU=EastEnders,DC=homelab,DC=net"
Martin,Fowler,fowle610,Martin Fowler,fowle610@homelab.net,EastEnders,Markthandelaar,Personage uit EastEnders,nLg@38K&,"VerzamelOU=TVSeries,GebruikersOU=EastEnders,DC=homelab,DC=net"
Dot,Cotton,cotto713,Dot Cotton,cotto713@homelab.net,EastEnders,Reinigster,Personage uit EastEnders,cN$A!6p5,"VerzamelOU=TVSeries,GebruikersOU=EastEnders,DC=homelab,DC=net"
Nick,Cotton,cotto600,Nick Cotton,cotto600@homelab.net,EastEnders,Werkloos,Personage uit EastEnders,78HE$e&b,"VerzamelOU=TVSeries,GebruikersOU=EastEnders,DC=homelab,DC=net"
Bianca,Jackson,jacks134,Bianca Jackson,jacks134@homelab.net,EastEnders,Markthandelaar,Personage uit EastEnders,pp2C#@4L,"VerzamelOU=TVSeries,GebruikersOU=EastEnders,DC=homelab,DC=net"
Ken,Barlow,barlo201,Ken Barlow,barlo201@homelab.net,CoronationStreet,Journalist,Personage uit Coronation Street,&8!C4wNy,"VerzamelOU=TVSeries,GebruikersOU=CoronationStreet,DC=homelab,DC=net"
Deirdre,Barlow,barlo419,Deirdre Barlow,barlo419@homelab.net,CoronationStreet,Administratief medewerker,Personage uit Coronation Street,O$p95$sP,"VerzamelOU=TVSeries,GebruikersOU=CoronationStreet,DC=homelab,DC=net"
Gail,Platt,platt395,Gail Platt,platt395@homelab.net,CoronationStreet,Serveerster,Personage uit Coronation Street,Q9!&uE8f,"VerzamelOU=TVSeries,GebruikersOU=CoronationStreet,DC=homelab,DC=net"
Nick,Platt,platt029,Nick Platt,platt029@homelab.net,CoronationStreet,Restauranthouder,Personage uit Coronation Street,f2$W@s5C,"VerzamelOU=TVSeries,GebruikersOU=CoronationStreet,DC=homelab,DC=net"
Sarah,Platt,platt413,Sarah Platt,platt413@homelab.net,CoronationStreet,Kapster,Personage uit Coronation Street,F0R&hu9$,"VerzamelOU=TVSeries,GebruikersOU=CoronationStreet,DC=homelab,DC=net"
Audrey,Roberts,rober917,Audrey Roberts,rober917@homelab.net,CoronationStreet,Kapster,Personage uit Coronation Street,@jJ44Ph$,"VerzamelOU=TVSeries,GebruikersOU=CoronationStreet,DC=homelab,DC=net"
Jack,Duckworth,duckw026,Jack Duckworth,duckw026@homelab.net,CoronationStreet,Fabrieksarbeider,Personage uit Coronation Street,@avO$0Z1,"VerzamelOU=TVSeries,GebruikersOU=CoronationStreet,DC=homelab,DC=net"
Vera,Duckworth,duckw310,Vera Duckworth,duckw310@homelab.net,CoronationStreet,Fabrieksarbeider,Personage uit Coronation Street,2$Vwl8Z#,"VerzamelOU=TVSeries,GebruikersOU=CoronationStreet,DC=homelab,DC=net"
Bet,Lynch,lynch288,Bet Lynch,lynch288@homelab.net,CoronationStreet,Pubhouder,Personage uit Coronation Street,$vYLg89@,"VerzamelOU=TVSeries,GebruikersOU=CoronationStreet,DC=homelab,DC=net"
Mike,Baldwin,baldw835,Mike Baldwin,baldw835@homelab.net,CoronationStreet,Fabrikant,Personage uit Coronation Street,C$xcR$22,"VerzamelOU=TVSeries,GebruikersOU=CoronationStreet,DC=homelab,DC=net"
Liz,McDonald,mcdon305,Liz McDonald,mcdon305@homelab.net,CoronationStreet,Barpersoneel,Personage uit Coronation Street,7O$w#T6j,"VerzamelOU=TVSeries,GebruikersOU=CoronationStreet,DC=homelab,DC=net"
Steve,McDonald,mcdon267,Steve McDonald,mcdon267@homelab.net,CoronationStreet,Taxichauffeur,Personage uit Coronation Street,o3J3#Wb@,"VerzamelOU=TVSeries,GebruikersOU=CoronationStreet,DC=homelab,DC=net"
Tracy,Barlow,barlo225,Tracy Barlow,barlo225@homelab.net,CoronationStreet,Winkelierster,Personage uit Coronation Street,S17qPv$@,"VerzamelOU=TVSeries,GebruikersOU=CoronationStreet,DC=homelab,DC=net"
Leanne,Battersby,batte537,Leanne Battersby,batte537@homelab.net,CoronationStreet,Restauranthoudster,Personage uit Coronation Street,RfzD!1$9,"VerzamelOU=TVSeries,GebruikersOU=CoronationStreet,DC=homelab,DC=net"
Roy,Cropper,cropp592,Roy Cropper,cropp592@homelab.net,CoronationStreet,Cafetariahouder,Personage uit Coronation Street,C56uwQ!$,"VerzamelOU=TVSeries,GebruikersOU=CoronationStreet,DC=homelab,DC=net"
Hayley,Cropper,cropp723,Hayley Cropper,cropp723@homelab.net,CoronationStreet,Naaister,Personage uit Coronation Street,n6Q#Pl3&,"VerzamelOU=TVSeries,GebruikersOU=CoronationStreet,DC=homelab,DC=net"
Tyrone,Dobbs,dobbs671,Tyrone Dobbs,dobbs671@homelab.net,CoronationStreet,Monteur,Personage uit Coronation Street,X22Xu#!u,"VerzamelOU=TVSeries,GebruikersOU=CoronationStreet,DC=homelab,DC=net"
Fiz,Stape,stape466,Fiz Stape,stape466@homelab.net,CoronationStreet,Fabrieksarbeider,Personage uit Coronation Street,K@an!9D0,"VerzamelOU=TVSeries,GebruikersOU=CoronationStreet,DC=homelab,DC=net"
David,Platt,platt697,David Platt,platt697@homelab.net,CoronationStreet,Kapper,Personage uit Coronation Street,6&xVW&8m,"VerzamelOU=TVSeries,GebruikersOU=CoronationStreet,DC=homelab,DC=net"
Brooke,Logan,logan817,Brooke Logan,logan817@homelab.net,BoldBeautiful,Modeontwerpster,Personage uit Bold and the Beautiful,Px!w!83U,"VerzamelOU=TVSeries,GebruikersOU=BoldBeautiful,DC=homelab,DC=net"
Ridge,Forrester,forre569,Ridge Forrester,forre569@homelab.net,BoldBeautiful,Modeontwerper,Personage uit Bold and the Beautiful,j$$16EOp,"VerzamelOU=TVSeries,GebruikersOU=BoldBeautiful,DC=homelab,DC=net"
Eric,Forrester,forre865,Eric Forrester,forre865@homelab.net,BoldBeautiful,Modedirecteur,Personage uit Bold and the Beautiful,Gq!38o&M,"VerzamelOU=TVSeries,GebruikersOU=BoldBeautiful,DC=homelab,DC=net"
Stephanie,Forrester,forre666,Stephanie Forrester,forre666@homelab.net,BoldBeautiful,Huismoeder,Personage uit Bold and the Beautiful,j1Nw$$Z7,"VerzamelOU=TVSeries,GebruikersOU=BoldBeautiful,DC=homelab,DC=net"
Taylor,Hayes,hayes141,Taylor Hayes,hayes141@homelab.net,BoldBeautiful,Psychiater,Personage uit Bold and the Beautiful,k$SL1$8p,"VerzamelOU=TVSeries,GebruikersOU=BoldBeautiful,DC=homelab,DC=net"
Thomas,Forrester,forre832,Thomas Forrester,forre832@homelab.net,BoldBeautiful,Modeontwerper,Personage uit Bold and the Beautiful,4uP1!H@e,"VerzamelOU=TVSeries,GebruikersOU=BoldBeautiful,DC=homelab,DC=net"
Steffy,Forrester,forre742,Steffy Forrester,forre742@homelab.net,BoldBeautiful,Modemanager,Personage uit Bold and the Beautiful,0fY1#l!F,"VerzamelOU=TVSeries,GebruikersOU=BoldBeautiful,DC=homelab,DC=net"
Hope,Logan,logan749,Hope Logan,logan749@homelab.net,BoldBeautiful,Modeontwerpster,Personage uit Bold and the Beautiful,!C4ow!O4,"VerzamelOU=TVSeries,GebruikersOU=BoldBeautiful,DC=homelab,DC=net"
Liam,Spencer,spenc665,Liam Spencer,spenc665@homelab.net,BoldBeautiful,Mediatycoon,Personage uit Bold and the Beautiful,v$!H4Pu3,"VerzamelOU=TVSeries,GebruikersOU=BoldBeautiful,DC=homelab,DC=net"
Bill,Spencer,spenc112,Bill Spencer,spenc112@homelab.net,BoldBeautiful,Uitgeefbaas,Personage uit Bold and the Beautiful,$Aq!5x3D,"VerzamelOU=TVSeries,GebruikersOU=BoldBeautiful,DC=homelab,DC=net"
Katie,Logan,logan045,Katie Logan,logan045@homelab.net,BoldBeautiful,PR-manager,Personage uit Bold and the Beautiful,n&$E4C4c,"VerzamelOU=TVSeries,GebruikersOU=BoldBeautiful,DC=homelab,DC=net"
Donna,Logan,logan233,Donna Logan,logan233@homelab.net,BoldBeautiful,Receptionist,Personage uit Bold and the Beautiful,2K7plJ!&,"VerzamelOU=TVSeries,GebruikersOU=BoldBeautiful,DC=homelab,DC=net"
Nick,Marone,maron634,Nick Marone,maron634@homelab.net,BoldBeautiful,Scheepsvaarder,Personage uit Bold and the Beautiful,d&#eX0I4,"VerzamelOU=TVSeries,GebruikersOU=BoldBeautiful,DC=homelab,DC=net"
Amber,Moore,moore547,Amber Moore,moore547@homelab.net,BoldBeautiful,Modeassistente,Personage uit Bold and the Beautiful,&M$3v7Fi,"VerzamelOU=TVSeries,GebruikersOU=BoldBeautiful,DC=homelab,DC=net"
Rick,Forrester,forre594,Rick Forrester,forre594@homelab.net,BoldBeautiful,Modedirecteur,Personage uit Bold and the Beautiful,L@I79l&a,"VerzamelOU=TVSeries,GebruikersOU=BoldBeautiful,DC=homelab,DC=net"
Marlena,Evans,evans440,Marlena Evans,evans440@homelab.net,DaysOfOurLives,Psychiater,Personage uit Days of Our Lives,q4@$HV0q,"VerzamelOU=TVSeries,GebruikersOU=DaysOfOurLives,DC=homelab,DC=net"
John,Black,black176,John Black,black176@homelab.net,DaysOfOurLives,Veiligheidsagent,Personage uit Days of Our Lives,q#Bq@F91,"VerzamelOU=TVSeries,GebruikersOU=DaysOfOurLives,DC=homelab,DC=net"
Bo,Brady,brady135,Bo Brady,brady135@homelab.net,DaysOfOurLives,Politieagent,Personage uit Days of Our Lives,jEV&f$52,"VerzamelOU=TVSeries,GebruikersOU=DaysOfOurLives,DC=homelab,DC=net"
Hope,Brady,brady035,Hope Brady,brady035@homelab.net,DaysOfOurLives,Politieagente,Personage uit Days of Our Lives,2Njy@D#3,"VerzamelOU=TVSeries,GebruikersOU=DaysOfOurLives,DC=homelab,DC=net"
Victor,Kiriakis,kiria635,Victor Kiriakis,kiria635@homelab.net,DaysOfOurLives,Zakenman,Personage uit Days of Our Lives,$1rHlN!0,"VerzamelOU=TVSeries,GebruikersOU=DaysOfOurLives,DC=homelab,DC=net"
Nicole,Walker,walke831,Nicole Walker,walke831@homelab.net,DaysOfOurLives,Televisieproducente,Personage uit Days of Our Lives,cM&z!S31,"VerzamelOU=TVSeries,GebruikersOU=DaysOfOurLives,DC=homelab,DC=net"
Brady,Black,black707,Brady Black,black707@homelab.net,DaysOfOurLives,Televisiepresentator,Personage uit Days of Our Lives,$sH18St&,"VerzamelOU=TVSeries,GebruikersOU=DaysOfOurLives,DC=homelab,DC=net"
Sami,Brady,brady207,Sami Brady,brady207@homelab.net,DaysOfOurLives,Ondernemer,Personage uit Days of Our Lives,x&bNC&16,"VerzamelOU=TVSeries,GebruikersOU=DaysOfOurLives,DC=homelab,DC=net"
Lucas,Horton,horto741,Lucas Horton,horto741@homelab.net,DaysOfOurLives,Zakenman,Personage uit Days of Our Lives,zW!!mG16,"VerzamelOU=TVSeries,GebruikersOU=DaysOfOurLives,DC=homelab,DC=net"
EJ,DiMera,dimer067,EJ DiMera,dimer067@homelab.net,DaysOfOurLives,Advocaat,Personage uit Days of Our Lives,$7ikIS!7,"VerzamelOU=TVSeries,GebruikersOU=DaysOfOurLives,DC=homelab,DC=net"
Stefano,DiMera,dimer588,Stefano DiMera,dimer588@homelab.net,DaysOfOurLives,Crimineel zakenman,Personage uit Days of Our Lives,x&k$6WC3,"VerzamelOU=TVSeries,GebruikersOU=DaysOfOurLives,DC=homelab,DC=net"
Jennifer,Deveraux,dever836,Jennifer Deveraux,dever836@homelab.net,DaysOfOurLives,Journaliste,Personage uit Days of Our Lives,@@5sWLu5,"VerzamelOU=TVSeries,GebruikersOU=DaysOfOurLives,DC=homelab,DC=net"
Jack,Deveraux,dever776,Jack Deveraux,dever776@homelab.net,DaysOfOurLives,Journalist,Personage uit Days of Our Lives,#BYu8$e2,"VerzamelOU=TVSeries,GebruikersOU=DaysOfOurLives,DC=homelab,DC=net"
Abe,Carver,carve551,Abe Carver,carve551@homelab.net,DaysOfOurLives,Commissaris,Personage uit Days of Our Lives,#94sf@FR,"VerzamelOU=TVSeries,GebruikersOU=DaysOfOurLives,DC=homelab,DC=net"
Lexie,Carver,carve185,Lexie Carver,carve185@homelab.net,DaysOfOurLives,Arts,Personage uit Days of Our Lives,k#MV5i6@,"VerzamelOU=TVSeries,GebruikersOU=DaysOfOurLives,DC=homelab,DC=net"
Harold,Bishop,bisho496,Harold Bishop,bisho496@homelab.net,Neighbours,Ondernemer,Personage uit Neighbours,!v&aX53P,"VerzamelOU=TVSeries,GebruikersOU=Neighbours,DC=homelab,DC=net"
Madge,Bishop,bisho419,Madge Bishop,bisho419@homelab.net,Neighbours,Cafehouder,Personage uit Neighbours,X&xR5&v3,"VerzamelOU=TVSeries,GebruikersOU=Neighbours,DC=homelab,DC=net"
Toadie,Rebecchi,rebec417,Toadie Rebecchi,rebec417@homelab.net,Neighbours,Advocaat,Personage uit Neighbours,cz66@O#P,"VerzamelOU=TVSeries,GebruikersOU=Neighbours,DC=homelab,DC=net"
Karl,Kennedy,kenne848,Karl Kennedy,kenne848@homelab.net,Neighbours,Huisarts,Personage uit Neighbours,Rt3i1#&W,"VerzamelOU=TVSeries,GebruikersOU=Neighbours,DC=homelab,DC=net"
Susan,Kennedy,kenne198,Susan Kennedy,kenne198@homelab.net,Neighbours,Lerares,Personage uit Neighbours,3@$8CaCn,"VerzamelOU=TVSeries,GebruikersOU=Neighbours,DC=homelab,DC=net"
Scott,Robinson,robin380,Scott Robinson,robin380@homelab.net,Neighbours,Journalist,Personage uit Neighbours,t0$$ASk6,"VerzamelOU=TVSeries,GebruikersOU=Neighbours,DC=homelab,DC=net"
Charlene,Mitchell,mitch247,Charlene Mitchell,mitch247@homelab.net,Neighbours,Monteur,Personage uit Neighbours,a6z!0@ER,"VerzamelOU=TVSeries,GebruikersOU=Neighbours,DC=homelab,DC=net"
Jim,Robinson,robin477,Jim Robinson,robin477@homelab.net,Neighbours,Ingenieur,Personage uit Neighbours,0p&1Df&X,"VerzamelOU=TVSeries,GebruikersOU=Neighbours,DC=homelab,DC=net"
Paul,Robinson,robin316,Paul Robinson,robin316@homelab.net,Neighbours,Hoteldirecteur,Personage uit Neighbours,5Bh&9#Xo,"VerzamelOU=TVSeries,GebruikersOU=Neighbours,DC=homelab,DC=net"
Steph,Scully,scull741,Steph Scully,scull741@homelab.net,Neighbours,Monteur,Personage uit Neighbours,Nf9Es2&&,"VerzamelOU=TVSeries,GebruikersOU=Neighbours,DC=homelab,DC=net"
Libby,Kennedy,kenne485,Libby Kennedy,kenne485@homelab.net,Neighbours,Journaliste,Personage uit Neighbours,y$#H87Ko,"VerzamelOU=TVSeries,GebruikersOU=Neighbours,DC=homelab,DC=net"
Drew,Kirk,kirk925,Drew Kirk,kirk925@homelab.net,Neighbours,Monteur,Personage uit Neighbours,h$3LFo$7,"VerzamelOU=TVSeries,GebruikersOU=Neighbours,DC=homelab,DC=net"
Dee,Bliss,bliss543,Dee Bliss,bliss543@homelab.net,Neighbours,Verpleegkundige,Personage uit Neighbours,8A$5@Lpp,"VerzamelOU=TVSeries,GebruikersOU=Neighbours,DC=homelab,DC=net"
Dylan,Timmins,timmi262,Dylan Timmins,timmi262@homelab.net,Neighbours,Bouwer,Personage uit Neighbours,6jmU@E3$,"VerzamelOU=TVSeries,GebruikersOU=Neighbours,DC=homelab,DC=net"
Izzy,Hoyland,hoyla638,Izzy Hoyland,hoyla638@homelab.net,Neighbours,Barvrouw,Personage uit Neighbours,!6bA&5Kv,"VerzamelOU=TVSeries,GebruikersOU=Neighbours,DC=homelab,DC=net"
Luke,Spencer,spenc460,Luke Spencer,spenc460@homelab.net,GeneralHospital,Ondernemer,Personage uit General Hospital,n49Xb#&Q,"VerzamelOU=TVSeries,GebruikersOU=GeneralHospital,DC=homelab,DC=net"
Laura,Webber,webbe976,Laura Webber,webbe976@homelab.net,GeneralHospital,Zakenvrouw,Personage uit General Hospital,$3f4qIR&,"VerzamelOU=TVSeries,GebruikersOU=GeneralHospital,DC=homelab,DC=net"
Sonny,Corinthos,corin751,Sonny Corinthos,corin751@homelab.net,GeneralHospital,Zakenman,Personage uit General Hospital,e@2@H2dW,"VerzamelOU=TVSeries,GebruikersOU=GeneralHospital,DC=homelab,DC=net"
Carly,Spencer,spenc446,Carly Spencer,spenc446@homelab.net,GeneralHospital,Hotelmanager,Personage uit General Hospital,VHk5f@1$,"VerzamelOU=TVSeries,GebruikersOU=GeneralHospital,DC=homelab,DC=net"
Jason,Morgan,morga302,Jason Morgan,morga302@homelab.net,GeneralHospital,Veiligheidsagent,Personage uit General Hospital,dl4F!@N1,"VerzamelOU=TVSeries,GebruikersOU=GeneralHospital,DC=homelab,DC=net"
Sam,McCall,mccal481,Sam McCall,mccal481@homelab.net,GeneralHospital,Privedetective,Personage uit General Hospital,!Iq4#sO6,"VerzamelOU=TVSeries,GebruikersOU=GeneralHospital,DC=homelab,DC=net"
Robin,Scorpio,scorp670,Robin Scorpio,scorp670@homelab.net,GeneralHospital,Arts,Personage uit General Hospital,m#WP9i@0,"VerzamelOU=TVSeries,GebruikersOU=GeneralHospital,DC=homelab,DC=net"
Patrick,Drake,drake625,Patrick Drake,drake625@homelab.net,GeneralHospital,Neurochirurg,Personage uit General Hospital,5#6GU@ph,"VerzamelOU=TVSeries,GebruikersOU=GeneralHospital,DC=homelab,DC=net"
Anna,Devane,devan435,Anna Devane,devan435@homelab.net,GeneralHospital,Politiecommissaris,Personage uit General Hospital,#$yA2gB0,"VerzamelOU=TVSeries,GebruikersOU=GeneralHospital,DC=homelab,DC=net"
Robert,Scorpio,scorp995,Robert Scorpio,scorp995@homelab.net,GeneralHospital,Agent,Personage uit General Hospital,Jur1$$H9,"VerzamelOU=TVSeries,GebruikersOU=GeneralHospital,DC=homelab,DC=net"
Maxie,Jones,jones569,Maxie Jones,jones569@homelab.net,GeneralHospital,Moderedacteur,Personage uit General Hospital,$1!p7THg,"VerzamelOU=TVSeries,GebruikersOU=GeneralHospital,DC=homelab,DC=net"
Spinelli,Damian,damia396,Damian Spinelli,damia396@homelab.net,GeneralHospital,Hacker,Personage uit General Hospital,$4#8CzSn,"VerzamelOU=TVSeries,GebruikersOU=GeneralHospital,DC=homelab,DC=net"
Mac,Scorpio,scorp123,Mac Scorpio,scorp123@homelab.net,GeneralHospital,Commissaris,Personage uit General Hospital,Ee$3m6M#,"VerzamelOU=TVSeries,GebruikersOU=GeneralHospital,DC=homelab,DC=net"
Felicia,Jones,jones976,Felicia Jones,jones976@homelab.net,GeneralHospital,Winkelierster,Personage uit General Hospital,R8#$aG4f,"VerzamelOU=TVSeries,GebruikersOU=GeneralHospital,DC=homelab,DC=net"
Monica,Quartermaine,quart435,Monica Quartermaine,quart435@homelab.net,GeneralHospital,Cardioloog,Personage uit General Hospital,&I!U09ny,"VerzamelOU=TVSeries,GebruikersOU=GeneralHospital,DC=homelab,DC=net"
Alexis,Davis,davis257,Alexis Davis,davis257@homelab.net,GeneralHospital,Advocaat,Personage uit General Hospital,4DZ#$hx5,"VerzamelOU=TVSeries,GebruikersOU=GeneralHospital,DC=homelab,DC=net"
Ned,Quartermaine,quart370,Ned Quartermaine,quart370@homelab.net,GeneralHospital,Muzikant,Personage uit General Hospital,5Lu2@uQ!,"VerzamelOU=TVSeries,GebruikersOU=GeneralHospital,DC=homelab,DC=net"
Tracy,Quartermaine,quart867,Tracy Quartermaine,quart867@homelab.net,GeneralHospital,Zakenvrouw,Personage uit General Hospital,Vv4#o&2Z,"VerzamelOU=TVSeries,GebruikersOU=GeneralHospital,DC=homelab,DC=net"
Adam,Newman,newma615,Adam Newman,newma615@homelab.net,YoungRestless,Directeur,Personage uit Young and the Restless,$4Qb&6Rt,"VerzamelOU=TVSeries,GebruikersOU=YoungRestless,DC=homelab,DC=net"
Victor,Newman,newma558,Victor Newman,newma558@homelab.net,YoungRestless,Zakenimperium,Personage uit Young and the Restless,RG5l@h&2,"VerzamelOU=TVSeries,GebruikersOU=YoungRestless,DC=homelab,DC=net"
Nikki,Newman,newma802,Nikki Newman,newma802@homelab.net,YoungRestless,Zakenvrouw,Personage uit Young and the Restless,w$WW6#e2,"VerzamelOU=TVSeries,GebruikersOU=YoungRestless,DC=homelab,DC=net"
Nick,Newman,newma358,Nick Newman,newma358@homelab.net,YoungRestless,Ondernemer,Personage uit Young and the Restless,5Vl3#Q&m,"VerzamelOU=TVSeries,GebruikersOU=YoungRestless,DC=homelab,DC=net"
Sharon,Newman,newma943,Sharon Newman,newma943@homelab.net,YoungRestless,Cafebazin,Personage uit Young and the Restless,$Hv85aR!,"VerzamelOU=TVSeries,GebruikersOU=YoungRestless,DC=homelab,DC=net"
Victoria,Newman,newma064,Victoria Newman,newma064@homelab.net,YoungRestless,CEO,Personage uit Young and the Restless,$sYB1#7e,"VerzamelOU=TVSeries,GebruikersOU=YoungRestless,DC=homelab,DC=net"
Jack,Abbott,abbot689,Jack Abbott,abbot689@homelab.net,YoungRestless,CEO,Personage uit Young and the Restless,@eB7e&U8,"VerzamelOU=TVSeries,GebruikersOU=YoungRestless,DC=homelab,DC=net"
Ashley,Abbott,abbot259,Ashley Abbott,abbot259@homelab.net,YoungRestless,Wetenschapper,Personage uit Young and the Restless,5rH$O&s9,"VerzamelOU=TVSeries,GebruikersOU=YoungRestless,DC=homelab,DC=net"
Phyllis,Summers,summe400,Phyllis Summers,summe400@homelab.net,YoungRestless,IT-manager,Personage uit Young and the Restless,8y#k#GV8,"VerzamelOU=TVSeries,GebruikersOU=YoungRestless,DC=homelab,DC=net"
Billy,Abbott,abbot959,Billy Abbott,abbot959@homelab.net,YoungRestless,Journalist,Personage uit Young and the Restless,k12IdD&#,"VerzamelOU=TVSeries,GebruikersOU=YoungRestless,DC=homelab,DC=net"
Chelsea,Lawson,lawso111,Chelsea Lawson,lawso111@homelab.net,YoungRestless,Modeontwerpster,Personage uit Young and the Restless,7JY$t@2q,"VerzamelOU=TVSeries,GebruikersOU=YoungRestless,DC=homelab,DC=net"
Genoa,Chancellor,chanc064,Genoa Chancellor,chanc064@homelab.net,YoungRestless,Zakenvrouw,Personage uit Young and the Restless,8#pYd0#V,"VerzamelOU=TVSeries,GebruikersOU=YoungRestless,DC=homelab,DC=net"
Jill,Abbott,abbot143,Jill Abbott,abbot143@homelab.net,YoungRestless,Zakenvrouw,Personage uit Young and the Restless,d$$L41Hx,"VerzamelOU=TVSeries,GebruikersOU=YoungRestless,DC=homelab,DC=net"
Cane,Ashby,ashby630,Cane Ashby,ashby630@homelab.net,YoungRestless,Zakenman,Personage uit Young and the Restless,6lMq!A9@,"VerzamelOU=TVSeries,GebruikersOU=YoungRestless,DC=homelab,DC=net"
Lily,Winters,winte450,Lily Winters,winte450@homelab.net,YoungRestless,Model,Personage uit Young and the Restless,4$5KsaA@,"VerzamelOU=TVSeries,GebruikersOU=YoungRestless,DC=homelab,DC=net"
Diane,Jenkins,jenki016,Diane Jenkins,jenki016@homelab.net,YoungRestless,Actrice,Personage uit Young and the Restless,F#9$Iaw7,"VerzamelOU=TVSeries,GebruikersOU=YoungRestless,DC=homelab,DC=net"
Kyle,Abbott,abbot374,Kyle Abbott,abbot374@homelab.net,YoungRestless,CEO,Personage uit Young and the Restless,D!0o8!kQ,"VerzamelOU=TVSeries,GebruikersOU=YoungRestless,DC=homelab,DC=net"
Summer,Newman,newma775,Summer Newman,newma775@homelab.net,YoungRestless,Modebedrijf,Personage uit Young and the Restless,$9gZ@Yl3,"VerzamelOU=TVSeries,GebruikersOU=YoungRestless,DC=homelab,DC=net"
Tessa,Porter,porte592,Tessa Porter,porte592@homelab.net,YoungRestless,Zangeres,Personage uit Young and the Restless,eOb$B5!8,"VerzamelOU=TVSeries,GebruikersOU=YoungRestless,DC=homelab,DC=net"
Mariah,Copeland,copel424,Mariah Copeland,copel424@homelab.net,YoungRestless,Televisiepresentatrice,Personage uit Young and the Restless,@Eo!o26G,"VerzamelOU=TVSeries,GebruikersOU=YoungRestless,DC=homelab,DC=net"
Rey,Rosales,rosal024,Rey Rosales,rosal024@homelab.net,YoungRestless,Rechercheur,Personage uit Young and the Restless,2l6V&l&L,"VerzamelOU=TVSeries,GebruikersOU=YoungRestless,DC=homelab,DC=net"
Ramona,Acosta,acost097,Ramona Acosta,acost097@homelab.net,HollywoodHeights,Zangeres,Personage uit Hollywood Heights,A0vv!L2&,"VerzamelOU=TVSeries,GebruikersOU=HollywoodHeights,DC=homelab,DC=net"
Imogen,Heap,heap587,Imogen Heap,heap587@homelab.net,Emmerdale,Zangeres,Personage fictief Emmerdale,7A@@w4hE,"VerzamelOU=TVSeries,GebruikersOU=Emmerdale,DC=homelab,DC=net"
Paddy,Kirk,kirk048,Paddy Kirk,kirk048@homelab.net,Emmerdale,Dierenarts,Personage uit Emmerdale,Q1&#6Ano,"VerzamelOU=TVSeries,GebruikersOU=Emmerdale,DC=homelab,DC=net"
Chas,Dingle,dingl562,Chas Dingle,dingl562@homelab.net,Emmerdale,Pubhouder,Personage uit Emmerdale,3o9OOk!$,"VerzamelOU=TVSeries,GebruikersOU=Emmerdale,DC=homelab,DC=net"
Marlon,Dingle,dingl092,Marlon Dingle,dingl092@homelab.net,Emmerdale,Kok,Personage uit Emmerdale,0&8c$nLU,"VerzamelOU=TVSeries,GebruikersOU=Emmerdale,DC=homelab,DC=net"
Charity,Dingle,dingl049,Charity Dingle,dingl049@homelab.net,Emmerdale,Pubhouder,Personage uit Emmerdale,E0e&e#H7,"VerzamelOU=TVSeries,GebruikersOU=Emmerdale,DC=homelab,DC=net"
Sam,Dingle,dingl964,Sam Dingle,dingl964@homelab.net,Emmerdale,Boer,Personage uit Emmerdale,GfeJ08##,"VerzamelOU=TVSeries,GebruikersOU=Emmerdale,DC=homelab,DC=net"
Belle,Dingle,dingl667,Belle Dingle,dingl667@homelab.net,Emmerdale,Hairstyliste,Personage uit Emmerdale,O@I&2w3a,"VerzamelOU=TVSeries,GebruikersOU=Emmerdale,DC=homelab,DC=net"
Zak,Dingle,dingl985,Zak Dingle,dingl985@homelab.net,Emmerdale,Boer,Personage uit Emmerdale,P$6$N6ye,"VerzamelOU=TVSeries,GebruikersOU=Emmerdale,DC=homelab,DC=net"
Lisa,Dingle,dingl391,Lisa Dingle,dingl391@homelab.net,Emmerdale,Boerin,Personage uit Emmerdale,D&Ix2#l4,"VerzamelOU=TVSeries,GebruikersOU=Emmerdale,DC=homelab,DC=net"
Aaron,Dingle,dingl994,Aaron Dingle,dingl994@homelab.net,Emmerdale,Monteur,Personage uit Emmerdale,Lw!V5$8u,"VerzamelOU=TVSeries,GebruikersOU=Emmerdale,DC=homelab,DC=net"
Robert,Sugden,sugde015,Robert Sugden,sugde015@homelab.net,Emmerdale,Zakenman,Personage uit Emmerdale,L&&51Znv,"VerzamelOU=TVSeries,GebruikersOU=Emmerdale,DC=homelab,DC=net"
Andy,Sugden,sugde332,Andy Sugden,sugde332@homelab.net,Emmerdale,Boer,Personage uit Emmerdale,w&jX0H5&,"VerzamelOU=TVSeries,GebruikersOU=Emmerdale,DC=homelab,DC=net"
Victoria,Sugden,sugde844,Victoria Sugden,sugde844@homelab.net,Emmerdale,Kok,Personage uit Emmerdale,d2K$A2$o,"VerzamelOU=TVSeries,GebruikersOU=Emmerdale,DC=homelab,DC=net"
Laurel,Thomas,thoma701,Laurel Thomas,thoma701@homelab.net,Emmerdale,Kantoormedewerker,Personage uit Emmerdale,o7b1K&@P,"VerzamelOU=TVSeries,GebruikersOU=Emmerdale,DC=homelab,DC=net"
Bernice,Blackstock,black513,Bernice Blackstock,black513@homelab.net,Emmerdale,Kapster,Personage uit Emmerdale,7&v1$XpM,"VerzamelOU=TVSeries,GebruikersOU=Emmerdale,DC=homelab,DC=net"
Diane,Thomas,thoma007,Diane Thomas,thoma007@homelab.net,Emmerdale,Pubhouder,Personage uit Emmerdale,Jz$2!X5s,"VerzamelOU=TVSeries,GebruikersOU=Emmerdale,DC=homelab,DC=net"
Bob,Hope,hope343,Bob Hope,hope343@homelab.net,Emmerdale,Cafetariahouder,Personage uit Emmerdale,$0wBr9L$,"VerzamelOU=TVSeries,GebruikersOU=Emmerdale,DC=homelab,DC=net"
Nicola,King,king409,Nicola King,king409@homelab.net,Emmerdale,Zakenvrouw,Personage uit Emmerdale,&B7q$1kC,"VerzamelOU=TVSeries,GebruikersOU=Emmerdale,DC=homelab,DC=net"
Jimmy,King,king088,Jimmy King,king088@homelab.net,Emmerdale,Transportondernemer,Personage uit Emmerdale,Cf6j9$Z&,"VerzamelOU=TVSeries,GebruikersOU=Emmerdale,DC=homelab,DC=net"
Jai,Sharma,sharm366,Jai Sharma,sharm366@homelab.net,Emmerdale,Fabriekshouder,Personage uit Emmerdale,uWk@5V$4,"VerzamelOU=TVSeries,GebruikersOU=Emmerdale,DC=homelab,DC=net"
Priya,Sharma,sharm883,Priya Sharma,sharm883@homelab.net,Emmerdale,Modebedrijf,Personage uit Emmerdale,!UAf@3z1,"VerzamelOU=TVSeries,GebruikersOU=Emmerdale,DC=homelab,DC=net"
Rishi,Sharma,sharm572,Rishi Sharma,sharm572@homelab.net,Emmerdale,Fabrikant,Personage uit Emmerdale,ts&8$I8L,"VerzamelOU=TVSeries,GebruikersOU=Emmerdale,DC=homelab,DC=net"
Graham,Foster,foste833,Graham Foster,foste833@homelab.net,Emmerdale,Adviseur,Personage uit Emmerdale,34Shx#$M,"VerzamelOU=TVSeries,GebruikersOU=Emmerdale,DC=homelab,DC=net"
Vanessa,Woodfield,woodf738,Vanessa Woodfield,woodf738@homelab.net,Emmerdale,Dierenarts,Personage uit Emmerdale,LW$$29by,"VerzamelOU=TVSeries,GebruikersOU=Emmerdale,DC=homelab,DC=net"
Tracey,Webb,webb022,Tracey Webb,webb022@homelab.net,CoronationStreet,Winkelierster,Personage uit Coronation Street,Q!4S1p@t,"VerzamelOU=TVSeries,GebruikersOU=CoronationStreet,DC=homelab,DC=net"
Eileen,Grimshaw,grims342,Eileen Grimshaw,grims342@homelab.net,CoronationStreet,Telefoniste,Personage uit Coronation Street,5!@Y6zxP,"VerzamelOU=TVSeries,GebruikersOU=CoronationStreet,DC=homelab,DC=net"
Jason,Grimshaw,grims349,Jason Grimshaw,grims349@homelab.net,CoronationStreet,Bouwer,Personage uit Coronation Street,f5@m@MZ7,"VerzamelOU=TVSeries,GebruikersOU=CoronationStreet,DC=homelab,DC=net"
Sean,Tully,tully908,Sean Tully,tully908@homelab.net,CoronationStreet,Verkoopmedewerker,Personage uit Coronation Street,J$f2P@9j,"VerzamelOU=TVSeries,GebruikersOU=CoronationStreet,DC=homelab,DC=net"
Michelle,Connor,conno394,Michelle Connor,conno394@homelab.net,CoronationStreet,Barmanager,Personage uit Coronation Street,K@59@oJi,"VerzamelOU=TVSeries,GebruikersOU=CoronationStreet,DC=homelab,DC=net"
Peter,Barlow,barlo850,Peter Barlow,barlo850@homelab.net,CoronationStreet,Drankhandelaar,Personage uit Coronation Street,gO#5!6Lf,"VerzamelOU=TVSeries,GebruikersOU=CoronationStreet,DC=homelab,DC=net"
Giuseppe,Farina,farin898,Giuseppe Farina,farin898@homelab.net,Alfa Romeo,Formule 1 Wereldkampioen 1950,Formule 1 Coureur voor Alfa Romeo,WSA9Bh#M,"VerzamelOU=Formule1,GebruikersOU=AlfaRomeo,DC=homelab,DC=net"
Juan Manuel,Fangio,fangi755,Juan Manuel Fangio,fangi755@homelab.net,Alfa Romeo,5-voudig Wereldkampioen,Formule 1 Coureur voor Alfa Romeo,hqf#SN7a,"VerzamelOU=Formule1,GebruikersOU=AlfaRomeo,DC=homelab,DC=net"
Alberto,Ascari,ascar939,Alberto Ascari,ascar939@homelab.net,Ferrari,Tweevoudig Wereldkampioen,Formule 1 Coureur voor Ferrari,WCX$5Wqx,"VerzamelOU=Formule1,GebruikersOU=Ferrari,DC=homelab,DC=net"
Stirling,Moss,mossx146,Stirling Moss,mossx146@homelab.net,Vanwall,Formule 1 Coureur,Formule 1 Coureur voor Vanwall,bH0L#wM%,"VerzamelOU=Formule1,GebruikersOU=Vanwall,DC=homelab,DC=net"
Mike,Hawthorn,hawth864,Mike Hawthorn,hawth864@homelab.net,Ferrari,Formule 1 Wereldkampioen 1958,Formule 1 Coureur voor Ferrari,7#IMba%%,"VerzamelOU=Formule1,GebruikersOU=Ferrari,DC=homelab,DC=net"
Luigi,Fagioli,fagio318,Luigi Fagioli,fagio318@homelab.net,Alfa Romeo,Formule 1 Coureur,Formule 1 Coureur voor Alfa Romeo,@tCzbN60,"VerzamelOU=Formule1,GebruikersOU=AlfaRomeo,DC=homelab,DC=net"
Jose Froilan,Gonzalez,gonza301,Jose Froilan Gonzalez,gonza301@homelab.net,Ferrari,Formule 1 Coureur,Formule 1 Coureur voor Ferrari,X52@gJwX,"VerzamelOU=Formule1,GebruikersOU=Ferrari,DC=homelab,DC=net"
Maurice,Trintignant,trint310,Maurice Trintignant,trint310@homelab.net,Cooper,Formule 1 Coureur,Formule 1 Coureur voor Cooper,@8e4DY&o,"VerzamelOU=Formule1,GebruikersOU=Cooper,DC=homelab,DC=net"
Jack,Brabham,brabh835,Jack Brabham,brabh835@homelab.net,Brabham,3-voudig Wereldkampioen,Formule 1 Coureur voor Brabham,686Ho4$j,"VerzamelOU=Formule1,GebruikersOU=Brabham,DC=homelab,DC=net"
Jim,Clark,clark670,Jim Clark,clark670@homelab.net,Lotus,Tweevoudig Wereldkampioen,Formule 1 Coureur voor Lotus,8fVD$ATR,"VerzamelOU=Formule1,GebruikersOU=Lotus,DC=homelab,DC=net"
Graham,Hill,hillx923,Graham Hill,hillx923@homelab.net,BRM,Tweevoudig Wereldkampioen,Formule 1 Coureur voor BRM,F0!s3lTm,"VerzamelOU=Formule1,GebruikersOU=BRM,DC=homelab,DC=net"
John,Surtees,surte211,John Surtees,surte211@homelab.net,Ferrari,Formule 1 Wereldkampioen 1964,Formule 1 Coureur voor Ferrari,n2nB$fEl,"VerzamelOU=Formule1,GebruikersOU=Ferrari,DC=homelab,DC=net"
Denny,Hulme,hulme488,Denny Hulme,hulme488@homelab.net,Mc Laren,Formule 1 Wereldkampioen 1967,Formule 1 Coureur voor Mc Laren,K5#ZW6xM,"VerzamelOU=Formule1,GebruikersOU=McLaren,DC=homelab,DC=net"
Jackie,Stewart,stewa918,Jackie Stewart,stewa918@homelab.net,Tyrrell,3-voudig Wereldkampioen,Formule 1 Coureur voor Tyrrell,0ZvS6!b!,"VerzamelOU=Formule1,GebruikersOU=Tyrrell,DC=homelab,DC=net"
Bruce,McLaren,mclar932,Bruce McLaren,mclar932@homelab.net,Mc Laren,Oprichter & Coureur McLaren,Formule 1 Coureur voor Mc Laren,13g0oS#9,"VerzamelOU=Formule1,GebruikersOU=McLaren,DC=homelab,DC=net"
Dan,Gurney,gurne250,Dan Gurney,gurne250@homelab.net,Eagle,Formule 1 Coureur,Formule 1 Coureur voor Eagle,oBsi$j4a,"VerzamelOU=Formule1,GebruikersOU=Eagle,DC=homelab,DC=net"
Jochen,Rindt,rindt568,Jochen Rindt,rindt568@homelab.net,Lotus,Formule 1 Wereldkampioen 1970,Formule 1 Coureur voor Lotus,e@Qe1Asq,"VerzamelOU=Formule1,GebruikersOU=Lotus,DC=homelab,DC=net"
Emerson,Fittipaldi,fitti347,Emerson Fittipaldi,fitti347@homelab.net,Lotus,Tweevoudig Wereldkampioen,Formule 1 Coureur voor Lotus,GKY#z6tr,"VerzamelOU=Formule1,GebruikersOU=Lotus,DC=homelab,DC=net"
Niki,Lauda,lauda935,Niki Lauda,lauda935@homelab.net,Ferrari,3-voudig Wereldkampioen,Formule 1 Coureur voor Ferrari,#XmDGC3Y,"VerzamelOU=Formule1,GebruikersOU=Ferrari,DC=homelab,DC=net"
James,Hunt,huntx804,James Hunt,huntx804@homelab.net,Mc Laren,Formule 1 Wereldkampioen 1976,Formule 1 Coureur voor Mc Laren,w&RBo5TM,"VerzamelOU=Formule1,GebruikersOU=McLaren,DC=homelab,DC=net"
Mario,Andretti,andre510,Mario Andretti,andre510@homelab.net,Lotus,Formule 1 Wereldkampioen 1978,Formule 1 Coureur voor Lotus,&0lh&Pf7,"VerzamelOU=Formule1,GebruikersOU=Lotus,DC=homelab,DC=net"
Jody,Scheckter,schec969,Jody Scheckter,schec969@homelab.net,Ferrari,Formule 1 Wereldkampioen 1979,Formule 1 Coureur voor Ferrari,z1$YwcS6,"VerzamelOU=Formule1,GebruikersOU=Ferrari,DC=homelab,DC=net"
Ronnie,Peterson,peter892,Ronnie Peterson,peter892@homelab.net,Lotus,Formule 1 Coureur,Formule 1 Coureur voor Lotus,2U#nKFil,"VerzamelOU=Formule1,GebruikersOU=Lotus,DC=homelab,DC=net"
Gilles,Villeneuve,ville743,Gilles Villeneuve,ville743@homelab.net,Ferrari,Formule 1 Coureur,Formule 1 Coureur voor Ferrari,uw3i4q&J,"VerzamelOU=Formule1,GebruikersOU=Ferrari,DC=homelab,DC=net"
Clay,Regazzoni,regaz297,Clay Regazzoni,regaz297@homelab.net,Williams,Formule 1 Coureur,Formule 1 Coureur voor Williams,xB5@bvZF,"VerzamelOU=Formule1,GebruikersOU=Williams,DC=homelab,DC=net"
Carlos,Reutemann,reute544,Carlos Reutemann,reute544@homelab.net,Brabham,Formule 1 Coureur,Formule 1 Coureur voor Brabham,F1REv5r!,"VerzamelOU=Formule1,GebruikersOU=Brabham,DC=homelab,DC=net"
Alan,Jones,jones200,Alan Jones,jones200@homelab.net,Williams,Formule 1 Wereldkampioen 1980,Formule 1 Coureur voor Williams,Gv&Fn3nD,"VerzamelOU=Formule1,GebruikersOU=Williams,DC=homelab,DC=net"
Nelson,Piquet,pique775,Nelson Piquet,pique775@homelab.net,Brabham,3-voudig Wereldkampioen,Formule 1 Coureur voor Brabham,U#p37YWn,"VerzamelOU=Formule1,GebruikersOU=Brabham,DC=homelab,DC=net"
Keke,Rosberg,rosbe849,Keke Rosberg,rosbe849@homelab.net,Williams,Formule 1 Wereldkampioen 1982,Formule 1 Coureur voor Williams,vo#Op61w,"VerzamelOU=Formule1,GebruikersOU=Williams,DC=homelab,DC=net"
Alain,Prost,prost915,Alain Prost,prost915@homelab.net,Mc Laren,4-voudig Wereldkampioen,Formule 1 Coureur voor Mc Laren,%dxw7BMw,"VerzamelOU=Formule1,GebruikersOU=McLaren,DC=homelab,DC=net"
Ayrton,Senna,senna928,Ayrton Senna,senna928@homelab.net,Mc Laren,3-voudig Wereldkampioen,Formule 1 Coureur voor Mc Laren,FRGka!7X,"VerzamelOU=Formule1,GebruikersOU=McLaren,DC=homelab,DC=net"
Nigel,Mansell,manse616,Nigel Mansell,manse616@homelab.net,Williams,Formule 1 Wereldkampioen 1992,Formule 1 Coureur voor Williams,C%hy$b28,"VerzamelOU=Formule1,GebruikersOU=Williams,DC=homelab,DC=net"
Gerhard,Berger,berge853,Gerhard Berger,berge853@homelab.net,Ferrari,Formule 1 Coureur,Formule 1 Coureur voor Ferrari,zgf9IkH@,"VerzamelOU=Formule1,GebruikersOU=Ferrari,DC=homelab,DC=net"
Riccardo,Patrese,patre343,Riccardo Patrese,patre343@homelab.net,Williams,Formule 1 Coureur,Formule 1 Coureur voor Williams,$CALFbV5,"VerzamelOU=Formule1,GebruikersOU=Williams,DC=homelab,DC=net"
Elio,de Angelis,angel600,Elio de Angelis,angel600@homelab.net,Lotus,Formule 1 Coureur,Formule 1 Coureur voor Lotus,AWa%GE3f,"VerzamelOU=Formule1,GebruikersOU=Lotus,DC=homelab,DC=net"
Michele,Alboreto,albor695,Michele Alboreto,albor695@homelab.net,Ferrari,Formule 1 Coureur,Formule 1 Coureur voor Ferrari,L#91UYuL,"VerzamelOU=Formule1,GebruikersOU=Ferrari,DC=homelab,DC=net"
Stefan,Johansson,johan568,Stefan Johansson,johan568@homelab.net,Ferrari,Formule 1 Coureur,Formule 1 Coureur voor Ferrari,JqK$uGs5,"VerzamelOU=Formule1,GebruikersOU=Ferrari,DC=homelab,DC=net"
Michael,Schumacher,schum493,Michael Schumacher,schum493@homelab.net,Ferrari,7-voudig Wereldkampioen,Formule 1 Coureur voor Ferrari,xCFs8%TH,"VerzamelOU=Formule1,GebruikersOU=Ferrari,DC=homelab,DC=net"
Damon,Hill,hillx867,Damon Hill,hillx867@homelab.net,Williams,Formule 1 Wereldkampioen 1996,Formule 1 Coureur voor Williams,dX@4#uN4,"VerzamelOU=Formule1,GebruikersOU=Williams,DC=homelab,DC=net"
Jacques,Villeneuve,ville133,Jacques Villeneuve,ville133@homelab.net,Williams,Formule 1 Wereldkampioen 1997,Formule 1 Coureur voor Williams,%u9wKJqS,"VerzamelOU=Formule1,GebruikersOU=Williams,DC=homelab,DC=net"
Mika,Hakkinen,hakki780,Mika Hakkinen,hakki780@homelab.net,Mc Laren,Tweevoudig Wereldkampioen,Formule 1 Coureur voor Mc Laren,lc5@$YKg,"VerzamelOU=Formule1,GebruikersOU=McLaren,DC=homelab,DC=net"
Eddie,Irvine,irvin144,Eddie Irvine,irvin144@homelab.net,Ferrari,Formule 1 Coureur,Formule 1 Coureur voor Ferrari,R3!s5rlg,"VerzamelOU=Formule1,GebruikersOU=Ferrari,DC=homelab,DC=net"
David,Coulthard,coult931,David Coulthard,coult931@homelab.net,Mc Laren,Formule 1 Coureur,Formule 1 Coureur voor Mc Laren,6b!QA6mA,"VerzamelOU=Formule1,GebruikersOU=McLaren,DC=homelab,DC=net"
Jean,Alesi,alesi144,Jean Alesi,alesi144@homelab.net,Ferrari,Formule 1 Coureur,Formule 1 Coureur voor Ferrari,l@IU$Q%5,"VerzamelOU=Formule1,GebruikersOU=Ferrari,DC=homelab,DC=net"
Rubens,Barrichello,barri515,Rubens Barrichello,barri515@homelab.net,Ferrari,Formule 1 Coureur,Formule 1 Coureur voor Ferrari,&0hCQadb,"VerzamelOU=Formule1,GebruikersOU=Ferrari,DC=homelab,DC=net"
Heinz-Harald,Frentzen,frent379,Heinz-Harald Frentzen,frent379@homelab.net,Jordan,Formule 1 Coureur,Formule 1 Coureur voor Jordan,YOFm&#g5,"VerzamelOU=Formule1,GebruikersOU=Jordan,DC=homelab,DC=net"
Jos,Verstappen,verst627,Jos Verstappen,verst627@homelab.net,Benetton,Formule 1 Coureur,Formule 1 Coureur voor Benetton,!m4gc4gU,"VerzamelOU=Formule1,GebruikersOU=Benetton,DC=homelab,DC=net"
Olivier,Panis,panis231,Olivier Panis,panis231@homelab.net,Ligier,Formule 1 Coureur,Formule 1 Coureur voor Ligier,g&WQ&2zG,"VerzamelOU=Formule1,GebruikersOU=Ligier,DC=homelab,DC=net"
Johnny,Herbert,herbe949,Johnny Herbert,herbe949@homelab.net,Benetton,Formule 1 Coureur,Formule 1 Coureur voor Benetton,d7c38V#m,"VerzamelOU=Formule1,GebruikersOU=Benetton,DC=homelab,DC=net"
Fernando,Alonso,alons837,Fernando Alonso,alons837@homelab.net,Renault,Tweevoudig Wereldkampioen,Formule 1 Coureur voor Renault,I#2PMtuR,"VerzamelOU=Formule1,GebruikersOU=Renault,DC=homelab,DC=net"
Kimi,Raikkonen,raikk276,Kimi Raikkonen,raikk276@homelab.net,Ferrari,Formule 1 Wereldkampioen 2007,Formule 1 Coureur voor Ferrari,2PBk3#Ir,"VerzamelOU=Formule1,GebruikersOU=Ferrari,DC=homelab,DC=net"
Jenson,Button,butto668,Jenson Button,butto668@homelab.net,Brawn GP,Formule 1 Wereldkampioen 2009,Formule 1 Coureur voor Brawn GP,qVN@DVi9,"VerzamelOU=Formule1,GebruikersOU=BrawnGP,DC=homelab,DC=net"
Felipe,Massa,massa338,Felipe Massa,massa338@homelab.net,Ferrari,Formule 1 Coureur,Formule 1 Coureur voor Ferrari,Q2mH0#WX,"VerzamelOU=Formule1,GebruikersOU=Ferrari,DC=homelab,DC=net"
Robert,Kubica,kubic283,Robert Kubica,kubic283@homelab.net,BMW Sauber,Formule 1 Coureur,Formule 1 Coureur voor BMW Sauber,XV@kp5s$,"VerzamelOU=Formule1,GebruikersOU=BMWSauber,DC=homelab,DC=net"
Mark,Webber,webbe465,Mark Webber,webbe465@homelab.net,Red Bull Racing,Formule 1 Coureur,Formule 1 Coureur voor Red Bull Racing,xNQju3%I,"VerzamelOU=Formule1,GebruikersOU=RedBullRacing,DC=homelab,DC=net"
Jarno,Trulli,trull266,Jarno Trulli,trull266@homelab.net,Renault,Formule 1 Coureur,Formule 1 Coureur voor Renault,X@Rr8&IB,"VerzamelOU=Formule1,GebruikersOU=Renault,DC=homelab,DC=net"
Giancarlo,Fisichella,fisic527,Giancarlo Fisichella,fisic527@homelab.net,Renault,Formule 1 Coureur,Formule 1 Coureur voor Renault,bC0X&9BE,"VerzamelOU=Formule1,GebruikersOU=Renault,DC=homelab,DC=net"
Nick,Heidfeld,heidf458,Nick Heidfeld,heidf458@homelab.net,BMW Sauber,Formule 1 Coureur,Formule 1 Coureur voor BMW Sauber,sv6E5fU$,"VerzamelOU=Formule1,GebruikersOU=BMWSauber,DC=homelab,DC=net"
Juan Pablo,Montoya,monto964,Juan Pablo Montoya,monto964@homelab.net,Williams,Formule 1 Coureur,Formule 1 Coureur voor Williams,AOoL9&H4,"VerzamelOU=Formule1,GebruikersOU=Williams,DC=homelab,DC=net"
Ralf,Schumacher,schum152,Ralf Schumacher,schum152@homelab.net,Williams,Formule 1 Coureur,Formule 1 Coureur voor Williams,7!i4nY9X,"VerzamelOU=Formule1,GebruikersOU=Williams,DC=homelab,DC=net"
Sebastian,Vettel,vette836,Sebastian Vettel,vette836@homelab.net,Red Bull Racing,4-voudig Wereldkampioen,Formule 1 Coureur voor Red Bull Racing,3!KnzD2F,"VerzamelOU=Formule1,GebruikersOU=RedBullRacing,DC=homelab,DC=net"
Lewis,Hamilton,hamil847,Lewis Hamilton,hamil847@homelab.net,Mercedes,7-voudig Wereldkampioen,Formule 1 Coureur voor Mercedes,Y2dbmjq!,"VerzamelOU=Formule1,GebruikersOU=Mercedes,DC=homelab,DC=net"
Nico,Rosberg,rosbe254,Nico Rosberg,rosbe254@homelab.net,Mercedes,Formule 1 Wereldkampioen 2016,Formule 1 Coureur voor Mercedes,LvGk6FX$,"VerzamelOU=Formule1,GebruikersOU=Mercedes,DC=homelab,DC=net"
Daniel,Ricciardo,ricci156,Daniel Ricciardo,ricci156@homelab.net,Red Bull Racing,Formule 1 Coureur,Formule 1 Coureur voor Red Bull Racing,N@uCB2kr,"VerzamelOU=Formule1,GebruikersOU=RedBullRacing,DC=homelab,DC=net"
Valtteri,Bottas,botta627,Valtteri Bottas,botta627@homelab.net,Mercedes,Formule 1 Coureur,Formule 1 Coureur voor Mercedes,miNV$p9q,"VerzamelOU=Formule1,GebruikersOU=Mercedes,DC=homelab,DC=net"
Romain,Grosjean,grosj290,Romain Grosjean,grosj290@homelab.net,Haas,Formule 1 Coureur,Formule 1 Coureur voor Haas,V5#pNoZL,"VerzamelOU=Formule1,GebruikersOU=Haas,DC=homelab,DC=net"
Sergio,Perez,perez915,Sergio Perez,perez915@homelab.net,Red Bull Racing,Formule 1 Coureur,Formule 1 Coureur voor Red Bull Racing,0J%p#JV%,"VerzamelOU=Formule1,GebruikersOU=RedBullRacing,DC=homelab,DC=net"
Nico,Hulkenberg,hulke148,Nico Hulkenberg,hulke148@homelab.net,Force India,Formule 1 Coureur,Formule 1 Coureur voor Force India,gDfz3!0o,"VerzamelOU=Formule1,GebruikersOU=ForceIndia,DC=homelab,DC=net"
Daniil,Kvyat,kvyat890,Daniil Kvyat,kvyat890@homelab.net,Toro Rosso,Formule 1 Coureur,Formule 1 Coureur voor Toro Rosso,PbDh$8jn,"VerzamelOU=Formule1,GebruikersOU=ToroRosso,DC=homelab,DC=net"
Carlos,Sainz,sainz623,Carlos Sainz,sainz623@homelab.net,Ferrari,Formule 1 Coureur,Formule 1 Coureur voor Ferrari,!iO4g40v,"VerzamelOU=Formule1,GebruikersOU=Ferrari,DC=homelab,DC=net"
Max,Verstappen,verst313,Max Verstappen,verst313@homelab.net,Red Bull Racing,Meervoudig Wereldkampioen,Formule 1 Coureur voor Red Bull Racing,!!m$q7Ii,"VerzamelOU=Formule1,GebruikersOU=RedBullRacing,DC=homelab,DC=net"
Charles,Leclerc,lecle198,Charles Leclerc,lecle198@homelab.net,Ferrari,Formule 1 Coureur,Formule 1 Coureur voor Ferrari,9&%aha5Z,"VerzamelOU=Formule1,GebruikersOU=Ferrari,DC=homelab,DC=net"
Lando,Norris,norri457,Lando Norris,norri457@homelab.net,Mc Laren,Formule 1 Coureur,Formule 1 Coureur voor Mc Laren,@Q&RPjl5,"VerzamelOU=Formule1,GebruikersOU=McLaren,DC=homelab,DC=net"
George,Russell,russe606,George Russell,russe606@homelab.net,Mercedes,Formule 1 Coureur,Formule 1 Coureur voor Mercedes,%R@2OPfn,"VerzamelOU=Formule1,GebruikersOU=Mercedes,DC=homelab,DC=net"
Pierre,Gasly,gasly200,Pierre Gasly,gasly200@homelab.net,Alpine,Formule 1 Coureur,Formule 1 Coureur voor Alpine,x#7LYhjP,"VerzamelOU=Formule1,GebruikersOU=Alpine,DC=homelab,DC=net"
Esteban,Ocon,oconx988,Esteban Ocon,oconx988@homelab.net,Alpine,Formule 1 Coureur,Formule 1 Coureur voor Alpine,$5kuTC$7,"VerzamelOU=Formule1,GebruikersOU=Alpine,DC=homelab,DC=net"
Alexander,Albon,albon269,Alexander Albon,albon269@homelab.net,Williams,Formule 1 Coureur,Formule 1 Coureur voor Williams,l2ksP%0J,"VerzamelOU=Formule1,GebruikersOU=Williams,DC=homelab,DC=net"
Yuki,Tsunoda,tsuno314,Yuki Tsunoda,tsuno314@homelab.net,RB,Formule 1 Coureur,Formule 1 Coureur voor RB,V93Rj!k5,"VerzamelOU=Formule1,GebruikersOU=RB,DC=homelab,DC=net"
Oscar,Piastri,piast569,Oscar Piastri,piast569@homelab.net,Mc Laren,Formule 1 Coureur,Formule 1 Coureur voor Mc Laren,@6tvI1e&,"VerzamelOU=Formule1,GebruikersOU=McLaren,DC=homelab,DC=net"
Lance,Stroll,strol757,Lance Stroll,strol757@homelab.net,Aston Martin,Formule 1 Coureur,Formule 1 Coureur voor Aston Martin,tQNq8wq$,"VerzamelOU=Formule1,GebruikersOU=AstonMartin,DC=homelab,DC=net"
Zhou,Guanyu,guany381,Zhou Guanyu,guany381@homelab.net,Alfa Romeo,Formule 1 Coureur,Formule 1 Coureur voor Alfa Romeo,BI$suM8c,"VerzamelOU=Formule1,GebruikersOU=AlfaRomeo,DC=homelab,DC=net"
Nyck,de Vries,vries928,Nyck de Vries,vries928@homelab.net,AlphaTauri,Formule 1 Coureur,Formule 1 Coureur voor AlphaTauri,1f2SY%Oq,"VerzamelOU=Formule1,GebruikersOU=AlphaTauri,DC=homelab,DC=net"
Liam,Lawson,lawso820,Liam Lawson,lawso820@homelab.net,RB,Formule 1 Coureur,Formule 1 Coureur voor RB,BHO5py1!,"VerzamelOU=Formule1,GebruikersOU=RB,DC=homelab,DC=net"
Oliver,Bearman,bearm455,Oliver Bearman,bearm455@homelab.net,Haas,Formule 1 Coureur,Formule 1 Coureur voor Haas,lmQar!4!,"VerzamelOU=Formule1,GebruikersOU=Haas,DC=homelab,DC=net"
Andrea Kimi,Antonelli,anton828,Andrea Kimi Antonelli,anton828@homelab.net,Mercedes,Formule 1 Coureur,Formule 1 Coureur voor Mercedes,5%181hCK,"VerzamelOU=Formule1,GebruikersOU=Mercedes,DC=homelab,DC=net"
Franco,Colapinto,colap272,Franco Colapinto,colap272@homelab.net,Williams,Formule 1 Coureur,Formule 1 Coureur voor Williams,RbOS64B%,"VerzamelOU=Formule1,GebruikersOU=Williams,DC=homelab,DC=net"
Virgil,van Dijk,dijkx142,Virgil van Dijk,dijkx142@homelab.net,Nederland,WK 2026 Speler - Aanvoerder & Verdediger,Voetballer voor Nederland op het WK 2026,3!c5CVDn,"VerzamelOU=Voetbal,GebruikersOU=Nederland,DC=homelab,DC=net"
Frenkie,de Jong,jongx132,Frenkie de Jong,jongx132@homelab.net,Nederland,WK 2026 Speler - Middenvelder,Voetballer voor Nederland op het WK 2026,iJ%wUw4$,"VerzamelOU=Voetbal,GebruikersOU=Nederland,DC=homelab,DC=net"
Cody,Gakpo,gakpo743,Cody Gakpo,gakpo743@homelab.net,Nederland,WK 2026 Speler - Aanvaller,Voetballer voor Nederland op het WK 2026,$z07KTJ&,"VerzamelOU=Voetbal,GebruikersOU=Nederland,DC=homelab,DC=net"
Memphis,Depay,depay159,Memphis Depay,depay159@homelab.net,Nederland,WK 2026 Speler - Aanvaller,Voetballer voor Nederland op het WK 2026,&1XvBR3$,"VerzamelOU=Voetbal,GebruikersOU=Nederland,DC=homelab,DC=net"
Nathan,Ake,akexx883,Nathan Ake,akexx883@homelab.net,Nederland,WK 2026 Speler - Verdediger,Voetballer voor Nederland op het WK 2026,&M1ED$Er,"VerzamelOU=Voetbal,GebruikersOU=Nederland,DC=homelab,DC=net"
Bart,Verbruggen,verbr625,Bart Verbruggen,verbr625@homelab.net,Nederland,WK 2026 Speler - Doelman,Voetballer voor Nederland op het WK 2026,hnaWje8@,"VerzamelOU=Voetbal,GebruikersOU=Nederland,DC=homelab,DC=net"
Tijjani,Reijnders,reijn928,Tijjani Reijnders,reijn928@homelab.net,Nederland,WK 2026 Speler - Middenvelder,Voetballer voor Nederland op het WK 2026,&9EoYAXt,"VerzamelOU=Voetbal,GebruikersOU=Nederland,DC=homelab,DC=net"
Xavi,Simons,simon316,Xavi Simons,simon316@homelab.net,Nederland,WK 2026 Speler - Middenvelder,Voetballer voor Nederland op het WK 2026,12H09p5!,"VerzamelOU=Voetbal,GebruikersOU=Nederland,DC=homelab,DC=net"
Lionel,Messi,messi946,Lionel Messi,messi946@homelab.net,Argentinië,WK 2026 Speler - Aanvoerder & Aanvaller,Voetballer voor Argentinië op het WK 2026,8h1ecD%!,"VerzamelOU=Voetbal,GebruikersOU=Argentinie,DC=homelab,DC=net"
Julian,Alvarez,alvar768,Julian Alvarez,alvar768@homelab.net,Argentinië,WK 2026 Speler - Aanvaller,Voetballer voor Argentinië op het WK 2026,EN4XUf%Z,"VerzamelOU=Voetbal,GebruikersOU=Argentinie,DC=homelab,DC=net"
Lautaro,Martinez,marti375,Lautaro Martinez,marti375@homelab.net,Argentinië,WK 2026 Speler - Aanvaller,Voetballer voor Argentinië op het WK 2026,O7LvP$Gq,"VerzamelOU=Voetbal,GebruikersOU=Argentinie,DC=homelab,DC=net"
Alexis,Mac Allister,allis928,Alexis Mac Allister,allis928@homelab.net,Argentinië,WK 2026 Speler - Middenvelder,Voetballer voor Argentinië op het WK 2026,#60fb!WK,"VerzamelOU=Voetbal,GebruikersOU=Argentinie,DC=homelab,DC=net"
Enzo,Fernandez,ferna964,Enzo Fernandez,ferna964@homelab.net,Argentinië,WK 2026 Speler - Middenvelder,Voetballer voor Argentinië op het WK 2026,Bxf$W!G6,"VerzamelOU=Voetbal,GebruikersOU=Argentinie,DC=homelab,DC=net"
Emiliano,Martinez,marti945,Emiliano Martinez,marti945@homelab.net,Argentinië,WK 2026 Speler - Doelman,Voetballer voor Argentinië op het WK 2026,j%61$HKJ,"VerzamelOU=Voetbal,GebruikersOU=Argentinie,DC=homelab,DC=net"
Rodrigo,De Paul,paulx650,Rodrigo De Paul,paulx650@homelab.net,Argentinië,WK 2026 Speler - Middenvelder,Voetballer voor Argentinië op het WK 2026,y5U5XJz!,"VerzamelOU=Voetbal,GebruikersOU=Argentinie,DC=homelab,DC=net"
Kylian,Mbappe,mbapp930,Kylian Mbappe,mbapp930@homelab.net,Frankrijk,WK 2026 Speler - Aanvoerder & Aanvaller,Voetballer voor Frankrijk op het WK 2026,p!wg2S2P,"VerzamelOU=Voetbal,GebruikersOU=Frankrijk,DC=homelab,DC=net"
Antoine,Griezmann,griez172,Antoine Griezmann,griez172@homelab.net,Frankrijk,WK 2026 Speler - Aanvaller,Voetballer voor Frankrijk op het WK 2026,#xPU5NEJ,"VerzamelOU=Voetbal,GebruikersOU=Frankrijk,DC=homelab,DC=net"
Aurelien,Tchouameni,tchou688,Aurelien Tchouameni,tchou688@homelab.net,Frankrijk,WK 2026 Speler - Middenvelder,Voetballer voor Frankrijk op het WK 2026,WLHcy!4h,"VerzamelOU=Voetbal,GebruikersOU=Frankrijk,DC=homelab,DC=net"
Eduardo,Camavinga,camav396,Eduardo Camavinga,camav396@homelab.net,Frankrijk,WK 2026 Speler - Middenvelder,Voetballer voor Frankrijk op het WK 2026,KHx$uB5Z,"VerzamelOU=Voetbal,GebruikersOU=Frankrijk,DC=homelab,DC=net"
William,Saliba,salib139,William Saliba,salib139@homelab.net,Frankrijk,WK 2026 Speler - Verdediger,Voetballer voor Frankrijk op het WK 2026,Kh@frx6h,"VerzamelOU=Voetbal,GebruikersOU=Frankrijk,DC=homelab,DC=net"
Mike,Maignan,maign527,Mike Maignan,maign527@homelab.net,Frankrijk,WK 2026 Speler - Doelman,Voetballer voor Frankrijk op het WK 2026,1c#BDueB,"VerzamelOU=Voetbal,GebruikersOU=Frankrijk,DC=homelab,DC=net"
Ousmane,Dembele,dembe783,Ousmane Dembele,dembe783@homelab.net,Frankrijk,WK 2026 Speler - Aanvaller,Voetballer voor Frankrijk op het WK 2026,RAxG8#8N,"VerzamelOU=Voetbal,GebruikersOU=Frankrijk,DC=homelab,DC=net"
Harry,Kane,kanex317,Harry Kane,kanex317@homelab.net,Engeland,WK 2026 Speler - Aanvoerder & Aanvaller,Voetballer voor Engeland op het WK 2026,eMDeVM5!,"VerzamelOU=Voetbal,GebruikersOU=Engeland,DC=homelab,DC=net"
Jude,Bellingham,belli435,Jude Bellingham,belli435@homelab.net,Engeland,WK 2026 Speler - Middenvelder,Voetballer voor Engeland op het WK 2026,k$9EbEX3,"VerzamelOU=Voetbal,GebruikersOU=Engeland,DC=homelab,DC=net"
Phil,Foden,foden201,Phil Foden,foden201@homelab.net,Engeland,WK 2026 Speler - Aanvaller,Voetballer voor Engeland op het WK 2026,$QxJBg4m,"VerzamelOU=Voetbal,GebruikersOU=Engeland,DC=homelab,DC=net"
Bukayo,Saka,sakax760,Bukayo Saka,sakax760@homelab.net,Engeland,WK 2026 Speler - Aanvaller,Voetballer voor Engeland op het WK 2026,E#9w#dn@,"VerzamelOU=Voetbal,GebruikersOU=Engeland,DC=homelab,DC=net"
Declan,Rice,ricex258,Declan Rice,ricex258@homelab.net,Engeland,WK 2026 Speler - Middenvelder,Voetballer voor Engeland op het WK 2026,&z0atYfO,"VerzamelOU=Voetbal,GebruikersOU=Engeland,DC=homelab,DC=net"
Jordan,Pickford,pickf843,Jordan Pickford,pickf843@homelab.net,Engeland,WK 2026 Speler - Doelman,Voetballer voor Engeland op het WK 2026,I01k$YsN,"VerzamelOU=Voetbal,GebruikersOU=Engeland,DC=homelab,DC=net"
Cole,Palmer,palme728,Cole Palmer,palme728@homelab.net,Engeland,WK 2026 Speler - Middenvelder,Voetballer voor Engeland op het WK 2026,Mn63u&N0,"VerzamelOU=Voetbal,GebruikersOU=Engeland,DC=homelab,DC=net"
Vinicius,Junior,junio284,Vinicius Junior,junio284@homelab.net,Brazilië,WK 2026 Speler - Aanvaller,Voetballer voor Brazilië op het WK 2026,Oq%1dMbp,"VerzamelOU=Voetbal,GebruikersOU=Brazilie,DC=homelab,DC=net"
Rodrygo,Goes,goesx680,Rodrygo Goes,goesx680@homelab.net,Brazilië,WK 2026 Speler - Aanvaller,Voetballer voor Brazilië op het WK 2026,97!rFN6C,"VerzamelOU=Voetbal,GebruikersOU=Brazilie,DC=homelab,DC=net"
Endrick,Felipe,felip885,Endrick Felipe,felip885@homelab.net,Brazilië,WK 2026 Speler - Aanvaller,Voetballer voor Brazilië op het WK 2026,hm!S24q9,"VerzamelOU=Voetbal,GebruikersOU=Brazilie,DC=homelab,DC=net"
Bruno,Guimaraes,guima174,Bruno Guimaraes,guima174@homelab.net,Brazilië,WK 2026 Speler - Middenvelder,Voetballer voor Brazilië op het WK 2026,bHMkQ9!U,"VerzamelOU=Voetbal,GebruikersOU=Brazilie,DC=homelab,DC=net"
Lucas,Paqueta,paque851,Lucas Paqueta,paque851@homelab.net,Brazilië,WK 2026 Speler - Middenvelder,Voetballer voor Brazilië op het WK 2026,#Xm#6XRR,"VerzamelOU=Voetbal,GebruikersOU=Brazilie,DC=homelab,DC=net"
Marquinhos,Aoas,aoasx668,Marquinhos Aoas,aoasx668@homelab.net,Brazilië,WK 2026 Speler - Verdediger,Voetballer voor Brazilië op het WK 2026,%jXrLA13,"VerzamelOU=Voetbal,GebruikersOU=Brazilie,DC=homelab,DC=net"
Alisson,Becker,becke578,Alisson Becker,becke578@homelab.net,Brazilië,WK 2026 Speler - Doelman,Voetballer voor Brazilië op het WK 2026,5ZpzY!cA,"VerzamelOU=Voetbal,GebruikersOU=Brazilie,DC=homelab,DC=net"
Jamal,Musiala,musia915,Jamal Musiala,musia915@homelab.net,Duitsland,WK 2026 Speler - Middenvelder,Voetballer voor Duitsland op het WK 2026,MaV@2IBk,"VerzamelOU=Voetbal,GebruikersOU=Duitsland,DC=homelab,DC=net"
Florian,Wirtz,wirtz204,Florian Wirtz,wirtz204@homelab.net,Duitsland,WK 2026 Speler - Middenvelder,Voetballer voor Duitsland op het WK 2026,0&&@a%Mf,"VerzamelOU=Voetbal,GebruikersOU=Duitsland,DC=homelab,DC=net"
Kai,Havertz,haver464,Kai Havertz,haver464@homelab.net,Duitsland,WK 2026 Speler - Aanvaller,Voetballer voor Duitsland op het WK 2026,FR%p8gcD,"VerzamelOU=Voetbal,GebruikersOU=Duitsland,DC=homelab,DC=net"
Joshua,Kimmich,kimmi189,Joshua Kimmich,kimmi189@homelab.net,Duitsland,WK 2026 Speler - Aanvoerder & Middenvelder,Voetballer voor Duitsland op het WK 2026,sNR&U9H$,"VerzamelOU=Voetbal,GebruikersOU=Duitsland,DC=homelab,DC=net"
Antonio,Ruediger,rudig299,Antonio Ruediger,rudig299@homelab.net,Duitsland,WK 2026 Speler - Verdediger,Voetballer voor Duitsland op het WK 2026,1!OaVk#j,"VerzamelOU=Voetbal,GebruikersOU=Duitsland,DC=homelab,DC=net"
Marc-Andre,ter Stegen,stege567,Marc-Andre ter Stegen,stege567@homelab.net,Duitsland,WK 2026 Speler - Doelman,Voetballer voor Duitsland op het WK 2026,luN9iq#F,"VerzamelOU=Voetbal,GebruikersOU=Duitsland,DC=homelab,DC=net"
Lamine,Yamal,yamal776,Lamine Yamal,yamal776@homelab.net,Spanje,WK 2026 Speler - Aanvaller,Voetballer voor Spanje op het WK 2026,C4O&TAfW,"VerzamelOU=Voetbal,GebruikersOU=Spanje,DC=homelab,DC=net"
Rodri,Hernandez,herna617,Rodri Hernandez,herna617@homelab.net,Spanje,WK 2026 Speler - Middenvelder,Voetballer voor Spanje op het WK 2026,R#Mu2AiQ,"VerzamelOU=Voetbal,GebruikersOU=Spanje,DC=homelab,DC=net"
Pedri,Gonzalez,gonza787,Pedri Gonzalez,gonza787@homelab.net,Spanje,WK 2026 Speler - Middenvelder,Voetballer voor Spanje op het WK 2026,FT3CCg!@,"VerzamelOU=Voetbal,GebruikersOU=Spanje,DC=homelab,DC=net"
Gavi,Paez,paezx244,Gavi Paez,paezx244@homelab.net,Spanje,WK 2026 Speler - Middenvelder,Voetballer voor Spanje op het WK 2026,JHlU94d@,"VerzamelOU=Voetbal,GebruikersOU=Spanje,DC=homelab,DC=net"
Nico,Williams,willi835,Nico Williams,willi835@homelab.net,Spanje,WK 2026 Speler - Aanvaller,Voetballer voor Spanje op het WK 2026,4R4b@8VV,"VerzamelOU=Voetbal,GebruikersOU=Spanje,DC=homelab,DC=net"
Unai,Simon,simon878,Unai Simon,simon878@homelab.net,Spanje,WK 2026 Speler - Doelman,Voetballer voor Spanje op het WK 2026,8PZzR%AI,"VerzamelOU=Voetbal,GebruikersOU=Spanje,DC=homelab,DC=net"
Dani,Carvajal,carva992,Dani Carvajal,carva992@homelab.net,Spanje,WK 2026 Speler - Verdediger,Voetballer voor Spanje op het WK 2026,3d&yA7jJ,"VerzamelOU=Voetbal,GebruikersOU=Spanje,DC=homelab,DC=net"
Cristiano,Ronaldo,ronal702,Cristiano Ronaldo,ronal702@homelab.net,Portugal,WK 2026 Speler - Aanvoerder & Aanvaller,Voetballer voor Portugal op het WK 2026,HHWF#b0s,"VerzamelOU=Voetbal,GebruikersOU=Portugal,DC=homelab,DC=net"
Bruno,Fernandes,ferna477,Bruno Fernandes,ferna477@homelab.net,Portugal,WK 2026 Speler - Middenvelder,Voetballer voor Portugal op het WK 2026,7xl!Sbo@,"VerzamelOU=Voetbal,GebruikersOU=Portugal,DC=homelab,DC=net"
Bernardo,Silva,silva578,Bernardo Silva,silva578@homelab.net,Portugal,WK 2026 Speler - Middenvelder,Voetballer voor Portugal op het WK 2026,u5%bEET4,"VerzamelOU=Voetbal,GebruikersOU=Portugal,DC=homelab,DC=net"
Rafael,Leão,leaox291,Rafael Leão,leãox291@homelab.net,Portugal,WK 2026 Speler - Aanvaller,Voetballer voor Portugal op het WK 2026,#pe91XYM,"VerzamelOU=Voetbal,GebruikersOU=Portugal,DC=homelab,DC=net"
Ruben,Dias,diasx877,Rúben Dias,diasx877@homelab.net,Portugal,WK 2026 Speler - Verdediger,Voetballer voor Portugal op het WK 2026,i#B3RKm6,"VerzamelOU=Voetbal,GebruikersOU=Portugal,DC=homelab,DC=net"
Diogo,Costa,costa353,Diogo Costa,costa353@homelab.net,Portugal,WK 2026 Speler - Doelman,Voetballer voor Portugal op het WK 2026,eUI$R%2N,"VerzamelOU=Voetbal,GebruikersOU=Portugal,DC=homelab,DC=net"
Kevin,De Bruyne,bruyn863,Kevin De Bruyne,bruyn863@homelab.net,België,WK 2026 Speler - Aanvoerder & Middenvelder,Voetballer voor België op het WK 2026,i558!3aB,"VerzamelOU=Voetbal,GebruikersOU=Belgie,DC=homelab,DC=net"
Romelu,Lukaku,lukak585,Romelu Lukaku,lukak585@homelab.net,België,WK 2026 Speler - Aanvaller,Voetballer voor België op het WK 2026,Gy!Ed0DF,"VerzamelOU=Voetbal,GebruikersOU=Belgie,DC=homelab,DC=net"
Jeremy,Doku,dokux737,Jeremy Doku,dokux737@homelab.net,België,WK 2026 Speler - Aanvaller,Voetballer voor België op het WK 2026,d$Dj1P7f,"VerzamelOU=Voetbal,GebruikersOU=Belgie,DC=homelab,DC=net"
Amadou,Onana,onana906,Amadou Onana,onana906@homelab.net,België,WK 2026 Speler - Middenvelder,Voetballer voor België op het WK 2026,wbN!NAz7,"VerzamelOU=Voetbal,GebruikersOU=Belgie,DC=homelab,DC=net"
Koen,Casteels,caste778,Koen Casteels,caste778@homelab.net,België,WK 2026 Speler - Doelman,Voetballer voor België op het WK 2026,N%km6IiZ,"VerzamelOU=Voetbal,GebruikersOU=Belgie,DC=homelab,DC=net"
Christian,Pulisic,pulis601,Christian Pulisic,pulis601@homelab.net,Verenigde Staten,WK 2026 Speler - Aanvoerder & Aanvaller,Voetballer voor Verenigde Staten op het WK 2026,a@cN1Xkg,"VerzamelOU=Voetbal,GebruikersOU=VerenigdeStaten,DC=homelab,DC=net"
Weston,McKennie,mcken588,Weston McKennie,mcken588@homelab.net,Verenigde Staten,WK 2026 Speler - Middenvelder,Voetballer voor Verenigde Staten op het WK 2026,dM5AxA@A,"VerzamelOU=Voetbal,GebruikersOU=VerenigdeStaten,DC=homelab,DC=net"
Tyler,Adams,adams742,Tyler Adams,adams742@homelab.net,Verenigde Staten,WK 2026 Speler - Middenvelder,Voetballer voor Verenigde Staten op het WK 2026,@mU3V7ew,"VerzamelOU=Voetbal,GebruikersOU=VerenigdeStaten,DC=homelab,DC=net"
Giovanni,Reyna,reyna310,Giovanni Reyna,reyna310@homelab.net,Verenigde Staten,WK 2026 Speler - Aanvaller,Voetballer voor Verenigde Staten op het WK 2026,#1I2oXLr,"VerzamelOU=Voetbal,GebruikersOU=VerenigdeStaten,DC=homelab,DC=net"
Matt,Turner,turne196,Matt Turner,turne196@homelab.net,Verenigde Staten,WK 2026 Speler - Doelman,Voetballer voor Verenigde Staten op het WK 2026,saS2kw&2,"VerzamelOU=Voetbal,GebruikersOU=VerenigdeStaten,DC=homelab,DC=net"
Edson,Alvarez,alvar332,Edson Alvarez,alvar332@homelab.net,Mexico,WK 2026 Speler - Aanvoerder & Middenvelder,Voetballer voor Mexico op het WK 2026,8v&ZSt8H,"VerzamelOU=Voetbal,GebruikersOU=Mexico,DC=homelab,DC=net"
Santiago,Gimenez,gimen238,Santiago Gimenez,gimen238@homelab.net,Mexico,WK 2026 Speler - Aanvaller,Voetballer voor Mexico op het WK 2026,nCN&2rzu,"VerzamelOU=Voetbal,GebruikersOU=Mexico,DC=homelab,DC=net"
Hirving,Lozano,lozan267,Hirving Lozano,lozan267@homelab.net,Mexico,WK 2026 Speler - Aanvaller,Voetballer voor Mexico op het WK 2026,%8zxjU#6,"VerzamelOU=Voetbal,GebruikersOU=Mexico,DC=homelab,DC=net"
Guillermo,Ochoa,ochoa949,Guillermo Ochoa,ochoa949@homelab.net,Mexico,WK 2026 Speler - Doelman,Voetballer voor Mexico op het WK 2026,77AAeN#u,"VerzamelOU=Voetbal,GebruikersOU=Mexico,DC=homelab,DC=net"
Alphonso,Davies,davie322,Alphonso Davies,davie322@homelab.net,Canada,WK 2026 Speler - Aanvoerder & Verdediger,Voetballer voor Canada op het WK 2026,&njfTq6D,"VerzamelOU=Voetbal,GebruikersOU=Canada,DC=homelab,DC=net"
Jonathan,David,david743,Jonathan David,david743@homelab.net,Canada,WK 2026 Speler - Aanvaller,Voetballer voor Canada op het WK 2026,6%DoA35v,"VerzamelOU=Voetbal,GebruikersOU=Canada,DC=homelab,DC=net"
Tajon,Buchanan,bucha887,Tajon Buchanan,bucha887@homelab.net,Canada,WK 2026 Speler - Middenvelder,Voetballer voor Canada op het WK 2026,&m!2HFOY,"VerzamelOU=Voetbal,GebruikersOU=Canada,DC=homelab,DC=net"
Kaoru,Mitoma,mitom415,Kaoru Mitoma,mitom415@homelab.net,Japan,WK 2026 Speler - Aanvaller,Voetballer voor Japan op het WK 2026,mnYCMv&9,"VerzamelOU=Voetbal,GebruikersOU=Japan,DC=homelab,DC=net"
Takefusa,Kubo,kubox136,Takefusa Kubo,kubox136@homelab.net,Japan,WK 2026 Speler - Aanvaller,Voetballer voor Japan op het WK 2026,IQV0l&jx,"VerzamelOU=Voetbal,GebruikersOU=Japan,DC=homelab,DC=net"
Wataru,Endo,endox514,Wataru Endo,endox514@homelab.net,Japan,WK 2026 Speler - Middenvelder,Voetballer voor Japan op het WK 2026,6w8J#57y,"VerzamelOU=Voetbal,GebruikersOU=Japan,DC=homelab,DC=net"
Achraf,Hakimi,hakim267,Achraf Hakimi,hakim267@homelab.net,Marokko,WK 2026 Speler - Verdediger,Voetballer voor Marokko op het WK 2026,By%PI4MG,"VerzamelOU=Voetbal,GebruikersOU=Marokko,DC=homelab,DC=net"
Youssef,En-Nesyri,ennes956,Youssef En-Nesyri,ennes956@homelab.net,Marokko,WK 2026 Speler - Aanvaller,Voetballer voor Marokko op het WK 2026,#CKK4%yr,"VerzamelOU=Voetbal,GebruikersOU=Marokko,DC=homelab,DC=net"
Hakim,Ziyech,ziyec661,Hakim Ziyech,ziyec661@homelab.net,Marokko,WK 2026 Speler - Middenvelder,Voetballer voor Marokko op het WK 2026,3Js&LLfU,"VerzamelOU=Voetbal,GebruikersOU=Marokko,DC=homelab,DC=net"
Yassine,Bounou,bouno923,Yassine Bounou,bouno923@homelab.net,Marokko,WK 2026 Speler - Doelman,Voetballer voor Marokko op het WK 2026,qijVP#g9,"VerzamelOU=Voetbal,GebruikersOU=Marokko,DC=homelab,DC=net"
Vivianne,Miedema,miede217,Vivianne Miedema,miede217@homelab.net,Nederland,International Speler - Aanvaller,Vrouwelijk international voor Nederland,u94CJHY%,"VerzamelOU=Voetbal,GebruikersOU=Nederland,DC=homelab,DC=net"
Lieke,Martens,marte847,Lieke Martens,marte847@homelab.net,Nederland,International Speler - Aanvaller,Vrouwelijk international voor Nederland,@1@930bY,"VerzamelOU=Voetbal,GebruikersOU=Nederland,DC=homelab,DC=net"
Jill,Roord,roord359,Jill Roord,roord359@homelab.net,Nederland,International Speler - Middenvelder,Vrouwelijk international voor Nederland,E2ew6&@b,"VerzamelOU=Voetbal,GebruikersOU=Nederland,DC=homelab,DC=net"
Jackie,Groenen,groen500,Jackie Groenen,groen500@homelab.net,Nederland,International Speler - Middenvelder,Vrouwelijk international voor Nederland,9xZn#lpX,"VerzamelOU=Voetbal,GebruikersOU=Nederland,DC=homelab,DC=net"
Daphne,van Domselaar,domse332,Daphne van Domselaar,domse332@homelab.net,Nederland,International Speler - Doelman,Vrouwelijk international voor Nederland,nl3@0eA0,"VerzamelOU=Voetbal,GebruikersOU=Nederland,DC=homelab,DC=net"
Dominique,Janssen,janss242,Dominique Janssen,janss242@homelab.net,Nederland,International Speler - Verdediger,Vrouwelijk international voor Nederland,i!MLy4Gp,"VerzamelOU=Voetbal,GebruikersOU=Nederland,DC=homelab,DC=net"
Lineth,Beerensteyn,beere380,Lineth Beerensteyn,beere380@homelab.net,Nederland,International Speler - Aanvaller,Vrouwelijk international voor Nederland,Q%5hrB2e,"VerzamelOU=Voetbal,GebruikersOU=Nederland,DC=homelab,DC=net"
Esmee,Brugts,brugt757,Esmee Brugts,brugt757@homelab.net,Nederland,International Speler - Aanvaller,Vrouwelijk international voor Nederland,4rWa@Tfj,"VerzamelOU=Voetbal,GebruikersOU=Nederland,DC=homelab,DC=net"
Aitana,Bonmatí,bonma178,Aitana Bonmatí,bonma178@homelab.net,Spanje,International Speler - Middenvelder,Vrouwelijk international voor Spanje,m73H$Tdx,"VerzamelOU=Voetbal,GebruikersOU=Spanje,DC=homelab,DC=net"
Alexia,Putellas,putel647,Alexia Putellas,putel647@homelab.net,Spanje,International Speler - Middenvelder,Vrouwelijk international voor Spanje,ZM&7Qobo,"VerzamelOU=Voetbal,GebruikersOU=Spanje,DC=homelab,DC=net"
Salma,Paralluelo,paral768,Salma Paralluelo,paral768@homelab.net,Spanje,International Speler - Aanvaller,Vrouwelijk international voor Spanje,%fhf78DC,"VerzamelOU=Voetbal,GebruikersOU=Spanje,DC=homelab,DC=net"
Jenni,Hermoso,hermo893,Jenni Hermoso,hermo893@homelab.net,Spanje,International Speler - Aanvaller,Vrouwelijk international voor Spanje,8$Q#cfSt,"VerzamelOU=Voetbal,GebruikersOU=Spanje,DC=homelab,DC=net"
Ona,Batlle,batll797,Ona Batlle,batll797@homelab.net,Spanje,International Speler - Verdediger,Vrouwelijk international voor Spanje,F0&WNgOS,"VerzamelOU=Voetbal,GebruikersOU=Spanje,DC=homelab,DC=net"
Irene,Paredes,pared838,Irene Paredes,pared838@homelab.net,Spanje,International Speler - Verdediger,Vrouwelijk international voor Spanje,p&bu&Xj4,"VerzamelOU=Voetbal,GebruikersOU=Spanje,DC=homelab,DC=net"
Cata,Coll,collx871,Cata Coll,collx871@homelab.net,Spanje,International Speler - Doelman,Vrouwelijk international voor Spanje,268WAcz@,"VerzamelOU=Voetbal,GebruikersOU=Spanje,DC=homelab,DC=net"
Sophia,Smith,smith533,Sophia Smith,smith533@homelab.net,Verenigde Staten,International Speler - Aanvaller,Vrouwelijk international voor Verenigde Staten,W5ls@hc#,"VerzamelOU=Voetbal,GebruikersOU=VerenigdeStaten,DC=homelab,DC=net"
Trinity,Rodman,rodma536,Trinity Rodman,rodma536@homelab.net,Verenigde Staten,International Speler - Aanvaller,Vrouwelijk international voor Verenigde Staten,oy&1Fpwp,"VerzamelOU=Voetbal,GebruikersOU=VerenigdeStaten,DC=homelab,DC=net"
Lindsey,Horan,horan792,Lindsey Horan,horan792@homelab.net,Verenigde Staten,International Speler - Middenvelder,Vrouwelijk international voor Verenigde Staten,A@6#Wzf&,"VerzamelOU=Voetbal,GebruikersOU=VerenigdeStaten,DC=homelab,DC=net"
Rose,Lavelle,lavel954,Rose Lavelle,lavel954@homelab.net,Verenigde Staten,International Speler - Middenvelder,Vrouwelijk international voor Verenigde Staten,A&DV0vn5,"VerzamelOU=Voetbal,GebruikersOU=VerenigdeStaten,DC=homelab,DC=net"
Naomi,Girma,girma832,Naomi Girma,girma832@homelab.net,Verenigde Staten,International Speler - Verdediger,Vrouwelijk international voor Verenigde Staten,zz4JKN$d,"VerzamelOU=Voetbal,GebruikersOU=VerenigdeStaten,DC=homelab,DC=net"
Alyssa,Naeher,naehe526,Alyssa Naeher,naehe526@homelab.net,Verenigde Staten,International Speler - Doelman,Vrouwelijk international voor Verenigde Staten,#VWcH9Lz,"VerzamelOU=Voetbal,GebruikersOU=VerenigdeStaten,DC=homelab,DC=net"
Mallory,Swanson,swans951,Mallory Swanson,swans951@homelab.net,Verenigde Staten,International Speler - Aanvaller,Vrouwelijk international voor Verenigde Staten,!keJqZ4R,"VerzamelOU=Voetbal,GebruikersOU=VerenigdeStaten,DC=homelab,DC=net"
Keira,Walsh,walsh292,Keira Walsh,walsh292@homelab.net,Engeland,International Speler - Middenvelder,Vrouwelijk international voor Engeland,Aa7%2%Q6,"VerzamelOU=Voetbal,GebruikersOU=Engeland,DC=homelab,DC=net"
Lucy,Bronze,bronz343,Lucy Bronze,bronz343@homelab.net,Engeland,International Speler - Verdediger,Vrouwelijk international voor Engeland,&1pQ2489,"VerzamelOU=Voetbal,GebruikersOU=Engeland,DC=homelab,DC=net"
Mary,Earps,earps295,Mary Earps,earps295@homelab.net,Engeland,International Speler - Doelman,Vrouwelijk international voor Engeland,p2ierO%s,"VerzamelOU=Voetbal,GebruikersOU=Engeland,DC=homelab,DC=net"
Georgia,Stanway,stanw275,Georgia Stanway,stanw275@homelab.net,Engeland,International Speler - Middenvelder,Vrouwelijk international voor Engeland,jl%8Vf!w,"VerzamelOU=Voetbal,GebruikersOU=Engeland,DC=homelab,DC=net"
Lauren,Hemp,hempx401,Lauren Hemp,hempx401@homelab.net,Engeland,International Speler - Aanvaller,Vrouwelijk international voor Engeland,8uPjF5@d,"VerzamelOU=Voetbal,GebruikersOU=Engeland,DC=homelab,DC=net"
Lauren,James,james714,Lauren James,james714@homelab.net,Engeland,International Speler - Aanvaller,Vrouwelijk international voor Engeland,loi&jL9U,"VerzamelOU=Voetbal,GebruikersOU=Engeland,DC=homelab,DC=net"
Alessia,Russo,russo175,Alessia Russo,russo175@homelab.net,Engeland,International Speler - Aanvaller,Vrouwelijk international voor Engeland,t8qf$CQO,"VerzamelOU=Voetbal,GebruikersOU=Engeland,DC=homelab,DC=net"
Sam,Kerr,kerrx898,Sam Kerr,kerrx898@homelab.net,Australië,International Speler - Aanvaller,Vrouwelijk international voor Australië,PRXj$002,"VerzamelOU=Voetbal,GebruikersOU=Australie,DC=homelab,DC=net"
Caitlin,Foord,foord970,Caitlin Foord,foord970@homelab.net,Australië,International Speler - Aanvaller,Vrouwelijk international voor Australië,!3dodPrl,"VerzamelOU=Voetbal,GebruikersOU=Australie,DC=homelab,DC=net"
Steph,Catley,catle203,Steph Catley,catle203@homelab.net,Australië,International Speler - Verdediger,Vrouwelijk international voor Australië,4XxlflD@,"VerzamelOU=Voetbal,GebruikersOU=Australie,DC=homelab,DC=net"
Mackenzie,Arnold,arnol347,Mackenzie Arnold,arnol347@homelab.net,Australië,International Speler - Doelman,Vrouwelijk international voor Australië,%yiV%0tI,"VerzamelOU=Voetbal,GebruikersOU=Australie,DC=homelab,DC=net"
Kadidiatou,Diani,diani874,Kadidiatou Diani,diani874@homelab.net,Frankrijk,International Speler - Aanvaller,Vrouwelijk international voor Frankrijk,9&eVypC2,"VerzamelOU=Voetbal,GebruikersOU=Frankrijk,DC=homelab,DC=net"
Wendie,Renard,renar753,Wendie Renard,renar753@homelab.net,Frankrijk,International Speler - Verdediger,Vrouwelijk international voor Frankrijk,XZ4ETs5$,"VerzamelOU=Voetbal,GebruikersOU=Frankrijk,DC=homelab,DC=net"
Grace,Geyoro,geyor559,Grace Geyoro,geyor559@homelab.net,Frankrijk,International Speler - Middenvelder,Vrouwelijk international voor Frankrijk,FRi&BG@3,"VerzamelOU=Voetbal,GebruikersOU=Frankrijk,DC=homelab,DC=net"
Marie-Antoinette,Katoto,katot232,Marie-Antoinette Katoto,katot232@homelab.net,Frankrijk,International Speler - Aanvaller,Vrouwelijk international voor Frankrijk,BX#Tsu8Z,"VerzamelOU=Voetbal,GebruikersOU=Frankrijk,DC=homelab,DC=net"
Alexandra,Popp,poppx760,Alexandra Popp,poppx760@homelab.net,Duitsland,International Speler - Aanvaller,Vrouwelijk international voor Duitsland,a0o$czVb,"VerzamelOU=Voetbal,GebruikersOU=Duitsland,DC=homelab,DC=net"
Lena,Oberdorf,oberd259,Lena Oberdorf,oberd259@homelab.net,Duitsland,International Speler - Middenvelder,Vrouwelijk international voor Duitsland,y5SP%V8#,"VerzamelOU=Voetbal,GebruikersOU=Duitsland,DC=homelab,DC=net"
Giulia,Gwinn,gwinn160,Giulia Gwinn,gwinn160@homelab.net,Duitsland,International Speler - Verdediger,Vrouwelijk international voor Duitsland,yhld0$Ws,"VerzamelOU=Voetbal,GebruikersOU=Duitsland,DC=homelab,DC=net"
Merle,Frohms,frohm100,Merle Frohms,frohm100@homelab.net,Duitsland,International Speler - Doelman,Vrouwelijk international voor Duitsland,4C#AjBGM,"VerzamelOU=Voetbal,GebruikersOU=Duitsland,DC=homelab,DC=net"
Marta,Vieira da Silva,silva634,Marta Vieira da Silva,silva634@homelab.net,Brazilië,International Speler - Aanvaller,Vrouwelijk international voor Brazilië,L2nQz$gA,"VerzamelOU=Voetbal,GebruikersOU=Brazilie,DC=homelab,DC=net"
Debinha,Miri,mirix730,Debinha Miri,mirix730@homelab.net,Brazilië,International Speler - Aanvaller,Vrouwelijk international voor Brazilië,paRuwg3@,"VerzamelOU=Voetbal,GebruikersOU=Brazilie,DC=homelab,DC=net"
Tamires,Dias,diasx737,Tamires Dias,diasx737@homelab.net,Brazilië,International Speler - Verdediger,Vrouwelijk international voor Brazilië,M3GxaY#o,"VerzamelOU=Voetbal,GebruikersOU=Brazilie,DC=homelab,DC=net"
Ada,Hegerberg,heger964,Ada Hegerberg,heger964@homelab.net,Noorwegen,International Speler - Aanvaller,Vrouwelijk international voor Noorwegen,u6%QeoUq,"VerzamelOU=Voetbal,GebruikersOU=Noorwegen,DC=homelab,DC=net"
Caroline,Graham Hansen,hanse158,Caroline Graham Hansen,hanse158@homelab.net,Noorwegen,International Speler - Aanvaller,Vrouwelijk international voor Noorwegen,l6$rVIDN,"VerzamelOU=Voetbal,GebruikersOU=Noorwegen,DC=homelab,DC=net"
Fridolina,Rolfoe,rolfo964,Fridolina Rolfoe,rolfo964@homelab.net,Zweden,International Speler - Aanvaller,Vrouwelijk international voor Zweden,zh4#Owp9,"VerzamelOU=Voetbal,GebruikersOU=Zweden,DC=homelab,DC=net"
Stina,Blackstenius,black944,Stina Blackstenius,black944@homelab.net,Zweden,International Speler - Aanvaller,Vrouwelijk international voor Zweden,eB%V1ibM,"VerzamelOU=Voetbal,GebruikersOU=Zweden,DC=homelab,DC=net"
Linda,Caicedo,caice862,Linda Caicedo,caice862@homelab.net,Colombia,International Speler - Aanvaller,Vrouwelijk international voor Colombia,Mb@D9tOA,"VerzamelOU=Voetbal,GebruikersOU=Colombia,DC=homelab,DC=net"
Barbra,Banda,banda645,Barbra Banda,banda645@homelab.net,Zambia,International Speler - Aanvaller,Vrouwelijk international voor Zambia,7m1@XX82,"VerzamelOU=Voetbal,GebruikersOU=Zambia,DC=homelab,DC=net"
Yui,Hasegawa,haseg403,Yui Hasegawa,haseg403@homelab.net,Japan,International Speler - Middenvelder,Vrouwelijk international voor Japan,Mm3ezp@g,"VerzamelOU=Voetbal,GebruikersOU=Japan,DC=homelab,DC=net"
Hinata,Miyazawa,miyaz948,Hinata Miyazawa,miyaz948@homelab.net,Japan,International Speler - Aanvaller,Vrouwelijk international voor Japan,YKE0$p1o,"VerzamelOU=Voetbal,GebruikersOU=Japan,DC=homelab,DC=net"
Erik,VanderArend,arenderi,Erik van der Arend,vanderarend@homelab.net,Saxion,Docent,Docent Bachelor ICT,!@WACHTwoord#$,"VerzamelOU=Docenten,GebruikersOU=BachelorICT,DC=homelab,DC=net"
Henk,Broekman,broekhen,Henk Broekman,broekman@homelab.net,Saxion,Docent,Docent Bachelor ICT,!@WACHTwoord#$,"VerzamelOU=Docenten,GebruikersOU=BachelorICT,DC=homelab,DC=net"
Steven,VanderLinden,lindestev,Steven van der Linden,vanderlinden@homelab.net,Saxion,Docent,Docent Bachelor ICT,!@WACHTwoord#$,"VerzamelOU=Docenten,GebruikersOU=BachelorICT,DC=homelab,DC=net"
John,Tutert,tuterjoh,John Tutert,tutert@homelab.net,Saxion,Docent,Docent Bachelor ICT,!@WACHTwoord#$,"VerzamelOU=Docenten,GebruikersOU=BachelorICT,DC=homelab,DC=net"